localTime,temperature,humidity,counts,cps,uSv,timestamp,stationName 
"28/05/2025 16:20:32",31.1,54.01,34,0.72,0.333,1748424032,"ReWes-I89"
"28/05/2025 16:37:07",31.5,47.74,36,0.77,0.353,1748425027,"ReWes-I89"
"28/05/2025 16:47:52",31.9,58.02,22,0.47,0.216,1748425672,"ReWes-I89"
"28/05/2025 16:55:17",33.4,49.47,24,0.51,0.235,1748426117,"ReWes-I89"
"28/05/2025 17:15:05",31.2,49.68,33,0.7,0.323,1748427305,"ReWes-I89"
"28/05/2025 17:40:10",31,48.2,37,0.79,0.363,1748428810,"ReWes-I89"
"28/05/2025 17:51:40",32.7,52.67,39,0.83,0.382,1748429500,"ReWes-I89"
"28/05/2025 17:59:05",33.6,41.19,27,0.57,0.265,1748429945,"ReWes-I89"
"28/05/2025 18:18:46",30.2,46.47,20,0.43,0.196,1748431126,"ReWes-I89"
"28/05/2025 18:30:41",33.9,49.57,39,0.83,0.382,1748431841,"ReWes-I89"
"28/05/2025 18:40:42",30.9,56.97,38,0.81,0.372,1748432442,"ReWes-I89"
"28/05/2025 18:48:17",30.9,49.91,24,0.51,0.235,1748432897,"ReWes-I89"
"28/05/2025 18:55:37",32,55.81,35,0.74,0.343,1748433337,"ReWes-I89"
"28/05/2025 19:27:39",30.6,53.93,22,0.47,0.216,1748435259,"ReWes-I89"
"28/05/2025 20:07:10",31.4,47.33,32,0.68,0.314,1748437630,"ReWes-I89"
"28/05/2025 20:40:16",31.3,51.47,39,0.83,0.382,1748439616,"ReWes-I89"
"28/05/2025 20:52:17",34.6,51.14,26,0.55,0.255,1748440337,"ReWes-I89"
"28/05/2025 20:59:57",34.2,42.05,35,0.74,0.343,1748440797,"ReWes-I89"
"28/05/2025 21:24:57",34.7,56.23,37,0.79,0.363,1748442297,"ReWes-I89"
"28/05/2025 21:44:19",33.9,56.48,33,0.7,0.323,1748443459,"ReWes-I89"
"28/05/2025 21:54:29",33.2,40.3,32,0.68,0.314,1748444069,"ReWes-I89"
"28/05/2025 22:11:02",31.9,50.13,35,0.74,0.343,1748445062,"ReWes-I89"
"28/05/2025 22:33:28",33.9,49.39,39,0.83,0.382,1748446408,"ReWes-I89"
"28/05/2025 22:45:33",31.5,51.32,31,0.66,0.304,1748447133,"ReWes-I89"
"28/05/2025 22:53:33",34.8,51.97,33,0.7,0.323,1748447613,"ReWes-I89"
"28/05/2025 23:10:08",33,55.98,34,0.72,0.333,1748448608,"ReWes-I89"
"28/05/2025 23:37:08",32.1,53.43,25,0.53,0.245,1748450228,"ReWes-I89"
"28/05/2025 23:52:48",34.4,52.06,26,0.55,0.255,1748451168,"ReWes-I89"
"29/05/2025 00:00:08",32.8,52.98,23,0.49,0.225,1748451608,"ReWes-I89"
"29/05/2025 00:21:45",30.1,57.58,38,0.81,0.372,1748452905,"ReWes-I89"
"29/05/2025 00:37:56",33.4,58.1,23,0.49,0.225,1748453876,"ReWes-I89"
"29/05/2025 00:46:07",31.7,42.48,20,0.43,0.196,1748454367,"ReWes-I89"
"29/05/2025 00:53:47",33.1,54.75,25,0.53,0.245,1748454827,"ReWes-I89"
"29/05/2025 01:12:55",30.9,40.19,34,0.72,0.333,1748455975,"ReWes-I89"
"29/05/2025 01:41:31",31.2,51.58,23,0.49,0.225,1748457691,"ReWes-I89"
"29/05/2025 01:53:46",34.4,46.04,37,0.79,0.363,1748458426,"ReWes-I89"
"29/05/2025 02:07:56",32.4,54.44,32,0.68,0.314,1748459276,"ReWes-I89"
"29/05/2025 02:23:36",32.1,54.62,34,0.72,0.333,1748460216,"ReWes-I89"
"29/05/2025 02:31:31",30.6,51.19,37,0.79,0.363,1748460691,"ReWes-I89"
"29/05/2025 02:40:11",30.5,41.86,34,0.72,0.333,1748461211,"ReWes-I89"
"29/05/2025 02:47:41",30.8,42.58,26,0.55,0.255,1748461661,"ReWes-I89"
"29/05/2025 02:55:26",31.7,41.28,34,0.72,0.333,1748462126,"ReWes-I89"
"29/05/2025 03:14:02",30.6,57.91,33,0.7,0.323,1748463242,"ReWes-I89"
"29/05/2025 03:33:32",32.3,56.12,28,0.6,0.274,1748464412,"ReWes-I89"
"29/05/2025 03:45:47",31.6,50.58,35,0.74,0.343,1748465147,"ReWes-I89"
"29/05/2025 03:53:17",33.2,50.83,28,0.6,0.274,1748465597,"ReWes-I89"
"29/05/2025 04:07:33",32.7,59.13,21,0.45,0.206,1748466453,"ReWes-I89"
"29/05/2025 04:26:33",34.1,55.75,22,0.47,0.216,1748467593,"ReWes-I89"
"29/05/2025 04:37:09",31.9,57.51,31,0.66,0.304,1748468229,"ReWes-I89"
"29/05/2025 04:44:44",32.2,55.49,37,0.79,0.363,1748468684,"ReWes-I89"
"29/05/2025 04:52:24",33.1,43.62,32,0.68,0.314,1748469144,"ReWes-I89"
"29/05/2025 04:59:45",33.4,42.46,20,0.43,0.196,1748469585,"ReWes-I89"
"29/05/2025 05:21:45",34,43.02,27,0.57,0.265,1748470905,"ReWes-I89"
"29/05/2025 05:38:35",34.8,41.87,38,0.81,0.372,1748471915,"ReWes-I89"
"29/05/2025 05:47:35",31.1,48.87,38,0.81,0.372,1748472455,"ReWes-I89"
"29/05/2025 05:55:15",31.1,49.44,37,0.79,0.363,1748472915,"ReWes-I89"
"29/05/2025 06:12:15",31.1,45.51,33,0.7,0.323,1748473935,"ReWes-I89"
"29/05/2025 06:29:00",31.6,54.18,31,0.66,0.304,1748474940,"ReWes-I89"
"29/05/2025 06:40:00",31.7,57.2,31,0.66,0.304,1748475600,"ReWes-I89"
"29/05/2025 06:47:20",32.7,59.61,37,0.79,0.363,1748476040,"ReWes-I89"
"29/05/2025 06:54:35",34.3,56.21,32,0.68,0.314,1748476475,"ReWes-I89"
"29/05/2025 07:55:51",30.4,54.95,38,0.81,0.372,1748480151,"ReWes-I89"
"29/05/2025 09:40:13",31.4,43.41,26,0.55,0.255,1748486413,"ReWes-I89"
"29/05/2025 10:35:15",32.3,46.43,39,0.83,0.382,1748489715,"ReWes-I89"
"29/05/2025 10:59:40",34.8,43.46,39,0.83,0.382,1748491180,"ReWes-I89"
"29/05/2025 11:28:45",34.4,47.92,27,0.57,0.265,1748492925,"ReWes-I89"
"29/05/2025 11:47:10",31.7,51.28,28,0.6,0.274,1748494030,"ReWes-I89"
"29/05/2025 11:56:00",32.7,48.85,28,0.6,0.274,1748494560,"ReWes-I89"
"29/05/2025 12:15:16",30.2,46.04,24,0.51,0.235,1748495716,"ReWes-I89"
"29/05/2025 12:35:46",30.1,51.94,38,0.81,0.372,1748496946,"ReWes-I89"
"29/05/2025 12:47:11",32.5,55.63,26,0.55,0.255,1748497631,"ReWes-I89"
"29/05/2025 12:54:31",32.6,52.73,20,0.43,0.196,1748498071,"ReWes-I89"
"29/05/2025 13:16:41",30.3,58.16,29,0.62,0.284,1748499401,"ReWes-I89"
"29/05/2025 13:45:21",32.7,51.29,23,0.49,0.225,1748501121,"ReWes-I89"
"29/05/2025 13:57:22",30.4,56.82,22,0.47,0.216,1748501842,"ReWes-I89"
"29/05/2025 14:17:17",31,45.15,25,0.53,0.245,1748503037,"ReWes-I89"
"29/05/2025 14:31:52",33.7,50.31,21,0.45,0.206,1748503912,"ReWes-I89"
"29/05/2025 14:42:22",33.6,48.89,22,0.47,0.216,1748504542,"ReWes-I89"
"29/05/2025 14:49:57",30.6,50.82,36,0.77,0.353,1748504997,"ReWes-I89"
"29/05/2025 14:57:18",31.6,54.89,22,0.47,0.216,1748505438,"ReWes-I89"
"29/05/2025 15:23:28",34,47.96,34,0.72,0.333,1748507008,"ReWes-I89"
"29/05/2025 15:44:29",33.2,55.51,29,0.62,0.284,1748508269,"ReWes-I89"
"29/05/2025 15:56:15",31.4,47.68,35,0.74,0.343,1748508975,"ReWes-I89"
"29/05/2025 16:16:25",32,54.5,27,0.57,0.265,1748510185,"ReWes-I89"
"29/05/2025 16:34:40",31.3,50.19,33,0.7,0.323,1748511280,"ReWes-I89"
"29/05/2025 16:46:10",31.8,50.81,24,0.51,0.235,1748511970,"ReWes-I89"
"29/05/2025 16:53:25",33.3,54.6,21,0.45,0.206,1748512405,"ReWes-I89"
"29/05/2025 17:10:10",32.8,49.08,30,0.64,0.294,1748513410,"ReWes-I89"
"29/05/2025 17:36:45",31.8,49.75,36,0.77,0.353,1748515005,"ReWes-I89"
"29/05/2025 17:50:20",33,58.89,39,0.83,0.382,1748515820,"ReWes-I89"
"29/05/2025 17:57:41",31.8,44.98,29,0.62,0.284,1748516261,"ReWes-I89"
"29/05/2025 18:15:36",33.7,41.25,26,0.55,0.255,1748517336,"ReWes-I89"
"29/05/2025 18:28:41",33.6,47.42,29,0.62,0.284,1748518121,"ReWes-I89"
"29/05/2025 18:38:36",31.2,47.02,39,0.83,0.382,1748518716,"ReWes-I89"
"29/05/2025 18:46:01",30.7,47.28,29,0.62,0.284,1748519161,"ReWes-I89"
"29/05/2025 18:53:16",30.1,59.54,27,0.57,0.265,1748519596,"ReWes-I89"
"29/05/2025 19:15:21",33,49.06,36,0.77,0.353,1748520921,"ReWes-I89"
"29/05/2025 19:59:17",31.6,44.77,39,0.83,0.382,1748523557,"ReWes-I89"
"29/05/2025 20:32:23",32,54.72,20,0.43,0.196,1748525543,"ReWes-I89"
"29/05/2025 20:47:18",34.1,58.72,22,0.47,0.216,1748526438,"ReWes-I89"
"29/05/2025 20:54:59",33.5,52.94,28,0.6,0.274,1748526899,"ReWes-I89"
"29/05/2025 21:12:09",30.1,56.65,22,0.47,0.216,1748527929,"ReWes-I89"
"29/05/2025 21:34:00",34.6,58.38,38,0.81,0.372,1748529240,"ReWes-I89"
"29/05/2025 21:47:15",34.5,59.29,28,0.6,0.274,1748530035,"ReWes-I89"
"29/05/2025 21:54:50",34.7,40.16,30,0.64,0.294,1748530490,"ReWes-I89"
"29/05/2025 22:12:05",31.5,40.72,32,0.68,0.314,1748531525,"ReWes-I89"
"29/05/2025 22:32:40",33.7,57.08,30,0.64,0.294,1748532760,"ReWes-I89"
"29/05/2025 22:44:50",34,52.27,24,0.51,0.235,1748533490,"ReWes-I89"
"29/05/2025 22:52:45",32.5,51.83,29,0.62,0.284,1748533965,"ReWes-I89"
"29/05/2025 23:00:06",31.7,47.39,21,0.45,0.206,1748534406,"ReWes-I89"
"29/05/2025 23:30:16",32.9,54.01,24,0.51,0.235,1748536216,"ReWes-I89"
"29/05/2025 23:50:16",30.7,59.91,24,0.51,0.235,1748537416,"ReWes-I89"
"29/05/2025 23:59:31",34.9,53.14,34,0.72,0.333,1748537971,"ReWes-I89"
"30/05/2025 00:20:26",33.9,41.07,25,0.53,0.245,1748539226,"ReWes-I89"
"30/05/2025 00:37:12",34.6,43.61,31,0.66,0.304,1748540232,"ReWes-I89"
"30/05/2025 00:46:07",34.2,45.17,25,0.53,0.245,1748540767,"ReWes-I89"
"30/05/2025 00:53:52",31.9,46.45,28,0.6,0.274,1748541232,"ReWes-I89"
"30/05/2025 01:13:27",31.8,42.4,24,0.51,0.235,1748542407,"ReWes-I89"
"30/05/2025 01:42:58",34.7,44.8,24,0.51,0.235,1748544178,"ReWes-I89"
"30/05/2025 01:55:04",32.9,40.28,32,0.68,0.314,1748544904,"ReWes-I89"
"30/05/2025 02:09:24",30.6,59.32,30,0.64,0.294,1748545764,"ReWes-I89"
"30/05/2025 02:22:50",32.8,42.12,39,0.83,0.382,1748546570,"ReWes-I89"
"30/05/2025 02:30:20",34.8,52.07,30,0.64,0.294,1748547020,"ReWes-I89"
"30/05/2025 02:39:50",34.9,51.29,28,0.6,0.274,1748547590,"ReWes-I89"
"30/05/2025 02:47:20",34.7,40.46,20,0.43,0.196,1748548040,"ReWes-I89"
"30/05/2025 02:54:35",32.8,53.79,35,0.74,0.343,1748548475,"ReWes-I89"
"30/05/2025 03:13:10",32.1,54.87,21,0.45,0.206,1748549590,"ReWes-I89"
"30/05/2025 03:33:25",31.1,51.81,29,0.62,0.284,1748550805,"ReWes-I89"
"30/05/2025 03:45:45",30.6,58.65,35,0.74,0.343,1748551545,"ReWes-I89"
"30/05/2025 03:52:55",34.1,41.14,29,0.62,0.284,1748551975,"ReWes-I89"
"30/05/2025 04:00:11",31.5,41.64,30,0.64,0.294,1748552411,"ReWes-I89"
"30/05/2025 04:22:11",30.3,48.32,32,0.68,0.314,1748553731,"ReWes-I89"
"30/05/2025 04:33:16",34.3,41.48,36,0.77,0.353,1748554396,"ReWes-I89"
"30/05/2025 04:43:16",32.5,57.25,31,0.66,0.304,1748554996,"ReWes-I89"
"30/05/2025 04:50:41",30.7,47.58,22,0.47,0.216,1748555441,"ReWes-I89"
"30/05/2025 04:57:51",34.9,55.93,24,0.51,0.235,1748555871,"ReWes-I89"
"30/05/2025 05:17:36",30.1,49.26,21,0.45,0.206,1748557056,"ReWes-I89"
"30/05/2025 05:37:26",33.2,57.36,33,0.7,0.323,1748558246,"ReWes-I89"
"30/05/2025 05:47:42",32.2,58.99,34,0.72,0.333,1748558862,"ReWes-I89"
"30/05/2025 05:55:07",33.8,42.13,24,0.51,0.235,1748559307,"ReWes-I89"
"30/05/2025 06:11:47",32.1,59.45,33,0.7,0.323,1748560307,"ReWes-I89"
"30/05/2025 06:28:33",34,42.74,35,0.74,0.343,1748561313,"ReWes-I89"
"30/05/2025 06:39:28",34.5,55.49,28,0.6,0.274,1748561968,"ReWes-I89"
"30/05/2025 06:47:33",34.6,40.34,36,0.77,0.353,1748562453,"ReWes-I89"
"30/05/2025 06:54:59",35,50.75,29,0.62,0.284,1748562899,"ReWes-I89"
"30/05/2025 07:59:05",33.3,53.52,22,0.47,0.216,1748566745,"ReWes-I89"
"30/05/2025 09:42:16",31.3,40.14,29,0.62,0.284,1748572936,"ReWes-I89"
"30/05/2025 10:33:57",31.1,46.27,24,0.51,0.235,1748576037,"ReWes-I89"
"30/05/2025 10:57:37",34.5,45.94,21,0.45,0.206,1748577457,"ReWes-I89"
"30/05/2025 11:22:33",34.5,45.66,36,0.77,0.353,1748578953,"ReWes-I89"
"30/05/2025 11:42:49",34.5,45.56,27,0.57,0.265,1748580169,"ReWes-I89"
"30/05/2025 11:53:54",32.9,59.93,22,0.47,0.216,1748580834,"ReWes-I89"
"30/05/2025 12:10:15",33.4,50.87,26,0.55,0.255,1748581815,"ReWes-I89"
"30/05/2025 12:32:25",34.5,55.89,30,0.64,0.294,1748583145,"ReWes-I89"
"30/05/2025 12:46:00",34.5,40.44,29,0.62,0.284,1748583960,"ReWes-I89"
"30/05/2025 12:53:10",34.2,58.74,39,0.83,0.382,1748584390,"ReWes-I89"
"30/05/2025 13:12:15",30.8,52.26,30,0.64,0.294,1748585535,"ReWes-I89"
"30/05/2025 13:42:35",33.1,51.94,21,0.45,0.206,1748587355,"ReWes-I89"
"30/05/2025 13:55:56",34.4,57.26,28,0.6,0.274,1748588156,"ReWes-I89"
"30/05/2025 14:14:01",30.4,57.83,20,0.43,0.196,1748589241,"ReWes-I89"
"30/05/2025 14:29:41",32.7,56.61,30,0.64,0.294,1748590181,"ReWes-I89"
"30/05/2025 14:40:06",34.7,54.18,36,0.77,0.353,1748590806,"ReWes-I89"
"30/05/2025 14:47:36",30.4,58.19,29,0.62,0.284,1748591256,"ReWes-I89"
"30/05/2025 14:55:06",32.1,54.95,24,0.51,0.235,1748591706,"ReWes-I89"
"30/05/2025 15:16:36",33.5,43.26,38,0.81,0.372,1748592996,"ReWes-I89"
"30/05/2025 15:41:42",31.7,53.91,24,0.51,0.235,1748594502,"ReWes-I89"
"30/05/2025 15:54:52",30.9,48.24,32,0.68,0.314,1748595292,"ReWes-I89"
"30/05/2025 16:12:37",33.4,59.76,29,0.62,0.284,1748596357,"ReWes-I89"
"30/05/2025 16:31:53",34.9,41.79,28,0.6,0.274,1748597513,"ReWes-I89"
"30/05/2025 16:43:43",33.2,45.82,33,0.7,0.323,1748598223,"ReWes-I89"
"30/05/2025 16:51:18",34.5,52.69,21,0.45,0.206,1748598678,"ReWes-I89"
"30/05/2025 16:58:29",31.2,55.62,24,0.51,0.235,1748599109,"ReWes-I89"
"30/05/2025 17:21:00",30.1,52.65,25,0.53,0.245,1748600460,"ReWes-I89"
"30/05/2025 17:40:50",34.5,52.57,25,0.53,0.245,1748601650,"ReWes-I89"
"30/05/2025 17:50:50",32.3,53.27,29,0.62,0.284,1748602250,"ReWes-I89"
"30/05/2025 17:58:25",34.1,40.4,28,0.6,0.274,1748602705,"ReWes-I89"
"30/05/2025 18:16:10",31.1,42.39,23,0.49,0.225,1748603770,"ReWes-I89"
"30/05/2025 18:28:15",34.3,44.4,28,0.6,0.274,1748604495,"ReWes-I89"
"30/05/2025 18:38:00",34.9,59.11,27,0.57,0.265,1748605080,"ReWes-I89"
"30/05/2025 18:45:10",33.2,52.43,32,0.68,0.314,1748605510,"ReWes-I89"
"30/05/2025 18:52:45",34.9,46.38,29,0.62,0.284,1748605965,"ReWes-I89"
"30/05/2025 19:00:20",32,40.42,27,0.57,0.265,1748606420,"ReWes-I89"
"30/05/2025 19:50:46",32.3,43.56,36,0.77,0.353,1748609446,"ReWes-I89"
"30/05/2025 20:21:31",33.3,54.41,21,0.45,0.206,1748611291,"ReWes-I89"
"30/05/2025 20:43:37",31.5,57.66,37,0.79,0.363,1748612617,"ReWes-I89"
"30/05/2025 20:52:07",31.1,44.85,26,0.55,0.255,1748613127,"ReWes-I89"
"30/05/2025 20:59:27",30.2,47.99,36,0.77,0.353,1748613567,"ReWes-I89"
"30/05/2025 21:22:37",30.1,43.99,21,0.45,0.206,1748614957,"ReWes-I89"
"30/05/2025 21:40:28",34.6,58.29,31,0.66,0.304,1748616028,"ReWes-I89"
"30/05/2025 21:50:33",35,53.65,36,0.77,0.353,1748616633,"ReWes-I89"
"30/05/2025 21:58:08",33.4,46.88,32,0.68,0.314,1748617088,"ReWes-I89"
"30/05/2025 22:20:24",34,55.67,28,0.6,0.274,1748618424,"ReWes-I89"
"30/05/2025 22:36:55",32.6,40.67,31,0.66,0.304,1748619415,"ReWes-I89"
"30/05/2025 22:46:35",34.4,52.91,25,0.53,0.245,1748619995,"ReWes-I89"
"30/05/2025 22:54:00",32.5,47.35,27,0.57,0.265,1748620440,"ReWes-I89"
"30/05/2025 23:12:20",33.9,49.74,35,0.74,0.343,1748621540,"ReWes-I89"
"30/05/2025 23:39:25",34.3,42.79,38,0.81,0.372,1748623165,"ReWes-I89"
"30/05/2025 23:52:50",32.4,46.95,38,0.81,0.372,1748623970,"ReWes-I89"
"31/05/2025 00:00:00",32.1,56.68,30,0.64,0.294,1748624400,"ReWes-I89"
"31/05/2025 00:20:21",33.5,45.8,36,0.77,0.353,1748625621,"ReWes-I89"
"31/05/2025 00:36:21",30.3,40.51,21,0.45,0.206,1748626581,"ReWes-I89"
"31/05/2025 00:45:11",32.1,48.07,23,0.49,0.225,1748627111,"ReWes-I89"
"31/05/2025 00:52:21",32.1,43.64,38,0.81,0.372,1748627541,"ReWes-I89"
"31/05/2025 00:59:56",33.7,47.02,29,0.62,0.284,1748627996,"ReWes-I89"
"31/05/2025 01:32:26",32.6,44.01,39,0.83,0.382,1748629946,"ReWes-I89"
"31/05/2025 01:50:57",32.1,41.14,26,0.55,0.255,1748631057,"ReWes-I89"
"31/05/2025 01:58:12",31.1,54.16,31,0.66,0.304,1748631492,"ReWes-I89"
"31/05/2025 02:15:07",34.4,53.3,24,0.51,0.235,1748632507,"ReWes-I89"
"31/05/2025 02:26:27",34.5,50.25,37,0.79,0.363,1748633187,"ReWes-I89"
"31/05/2025 02:35:48",34.2,54.35,33,0.7,0.323,1748633748,"ReWes-I89"
"31/05/2025 02:42:58",33.1,54.3,38,0.81,0.372,1748634178,"ReWes-I89"
"31/05/2025 02:50:28",35,42.76,22,0.47,0.216,1748634628,"ReWes-I89"
"31/05/2025 02:57:38",34,57.52,33,0.7,0.323,1748635058,"ReWes-I89"
"31/05/2025 03:19:39",32.3,44.78,37,0.79,0.363,1748636379,"ReWes-I89"
"31/05/2025 03:36:40",32.4,49.78,21,0.45,0.206,1748637400,"ReWes-I89"
"31/05/2025 03:48:05",32.5,52.51,36,0.77,0.353,1748638085,"ReWes-I89"
"31/05/2025 03:55:10",32.9,41.14,21,0.45,0.206,1748638510,"ReWes-I89"
"31/05/2025 04:11:05",34.8,57.67,27,0.57,0.265,1748639465,"ReWes-I89"
"31/05/2025 04:27:45",31.3,44.19,33,0.7,0.323,1748640465,"ReWes-I89"
"31/05/2025 04:37:40",34.4,56.24,33,0.7,0.323,1748641060,"ReWes-I89"
"31/05/2025 04:44:55",32.4,51.01,36,0.77,0.353,1748641495,"ReWes-I89"
"31/05/2025 04:52:30",31.7,56.7,34,0.72,0.333,1748641950,"ReWes-I89"
"31/05/2025 05:00:00",30.5,58.59,32,0.68,0.314,1748642400,"ReWes-I89"
"31/05/2025 05:22:11",33.4,57.19,36,0.77,0.353,1748643731,"ReWes-I89"
"31/05/2025 05:38:36",33.8,56.06,35,0.74,0.343,1748644716,"ReWes-I89"
"31/05/2025 05:47:41",32.7,58.96,31,0.66,0.304,1748645261,"ReWes-I89"
"31/05/2025 05:55:16",33.9,46.06,27,0.57,0.265,1748645716,"ReWes-I89"
"31/05/2025 06:13:26",30,59.34,30,0.64,0.294,1748646806,"ReWes-I89"
"31/05/2025 06:29:21",34.3,51.14,32,0.68,0.314,1748647761,"ReWes-I89"
"31/05/2025 06:40:11",30.7,56.69,37,0.79,0.363,1748648411,"ReWes-I89"
"31/05/2025 06:47:57",34,51.96,32,0.68,0.314,1748648877,"ReWes-I89"
"31/05/2025 06:55:17",34.2,41.1,37,0.79,0.363,1748649317,"ReWes-I89"
"31/05/2025 08:00:48",30.5,49.04,26,0.55,0.255,1748653248,"ReWes-I89"
"31/05/2025 09:42:00",30.6,52.61,38,0.81,0.372,1748659320,"ReWes-I89"
"31/05/2025 10:31:31",30.2,55.94,28,0.6,0.274,1748662291,"ReWes-I89"
"31/05/2025 10:55:26",34.3,55.65,24,0.51,0.235,1748663726,"ReWes-I89"
"31/05/2025 11:16:41",31.2,57.77,31,0.66,0.304,1748665001,"ReWes-I89"
"31/05/2025 11:38:56",34.5,46.93,21,0.45,0.206,1748666336,"ReWes-I89"
"31/05/2025 11:52:52",34.1,41.36,38,0.81,0.372,1748667172,"ReWes-I89"
"31/05/2025 12:00:12",33.4,57.28,24,0.51,0.235,1748667612,"ReWes-I89"
"31/05/2025 12:22:32",30.9,50.26,36,0.77,0.353,1748668952,"ReWes-I89"
"31/05/2025 12:37:48",34.8,44.65,26,0.55,0.255,1748669868,"ReWes-I89"
"31/05/2025 12:45:38",32.8,44.03,33,0.7,0.323,1748670338,"ReWes-I89"
"31/05/2025 12:53:18",32.7,54.97,20,0.43,0.196,1748670798,"ReWes-I89"
"31/05/2025 13:11:24",31.1,57.59,36,0.77,0.353,1748671884,"ReWes-I89"
"31/05/2025 13:38:45",31,53.21,36,0.77,0.353,1748673525,"ReWes-I89"
"31/05/2025 13:51:00",30.4,55.49,29,0.62,0.284,1748674260,"ReWes-I89"
"31/05/2025 13:58:40",31.3,55.4,23,0.49,0.225,1748674720,"ReWes-I89"
"31/05/2025 14:18:05",30.4,56.49,20,0.43,0.196,1748675885,"ReWes-I89"
"31/05/2025 14:30:00",30,42.5,36,0.77,0.353,1748676600,"ReWes-I89"
"31/05/2025 14:39:45",31.8,48.76,25,0.53,0.245,1748677185,"ReWes-I89"
"31/05/2025 14:47:20",30.6,49.46,27,0.57,0.265,1748677640,"ReWes-I89"
"31/05/2025 14:54:30",33.6,58.34,23,0.49,0.225,1748678070,"ReWes-I89"
"31/05/2025 15:13:31",31.5,56.3,39,0.83,0.382,1748679211,"ReWes-I89"
"31/05/2025 15:35:26",30.6,58.43,25,0.53,0.245,1748680526,"ReWes-I89"
"31/05/2025 15:49:06",31.8,48.77,20,0.43,0.196,1748681346,"ReWes-I89"
"31/05/2025 15:56:31",33.5,44.5,33,0.7,0.323,1748681791,"ReWes-I89"
"31/05/2025 16:14:51",34.2,44.03,21,0.45,0.206,1748682891,"ReWes-I89"
"31/05/2025 16:30:41",31.5,54.39,34,0.72,0.333,1748683841,"ReWes-I89"
"31/05/2025 16:40:52",30.2,47.42,34,0.72,0.333,1748684452,"ReWes-I89"
"31/05/2025 16:48:07",32,57.17,25,0.53,0.245,1748684887,"ReWes-I89"
"31/05/2025 16:55:32",30.6,49.73,34,0.72,0.333,1748685332,"ReWes-I89"
"31/05/2025 17:12:52",32.7,56.61,22,0.47,0.216,1748686372,"ReWes-I89"
"31/05/2025 17:34:13",34.2,52.49,21,0.45,0.206,1748687653,"ReWes-I89"
"31/05/2025 17:45:08",30.2,43.85,21,0.45,0.206,1748688308,"ReWes-I89"
"31/05/2025 17:52:39",31.1,42.78,20,0.43,0.196,1748688759,"ReWes-I89"
"31/05/2025 17:59:49",31.9,41.2,27,0.57,0.265,1748689189,"ReWes-I89"
"31/05/2025 18:17:20",32.1,43.84,32,0.68,0.314,1748690240,"ReWes-I89"
"31/05/2025 18:27:25",34.7,47.06,24,0.51,0.235,1748690845,"ReWes-I89"
"31/05/2025 18:36:20",33.1,57.28,33,0.7,0.323,1748691380,"ReWes-I89"
"31/05/2025 18:43:45",31.5,43.93,36,0.77,0.353,1748691825,"ReWes-I89"
"31/05/2025 18:51:25",30.1,56,24,0.51,0.235,1748692285,"ReWes-I89"
"31/05/2025 18:58:50",33.3,58.98,23,0.49,0.225,1748692730,"ReWes-I89"
"31/05/2025 19:38:50",30.3,57.52,24,0.51,0.235,1748695130,"ReWes-I89"
"31/05/2025 20:06:21",30,54.09,24,0.51,0.235,1748696781,"ReWes-I89"
"31/05/2025 20:34:26",32.4,58.07,29,0.62,0.284,1748698466,"ReWes-I89"
"31/05/2025 20:46:06",34.7,50.06,28,0.6,0.274,1748699166,"ReWes-I89"
"31/05/2025 20:53:31",32.7,54.95,25,0.53,0.245,1748699611,"ReWes-I89"
"31/05/2025 21:07:36",33.3,44.46,38,0.81,0.372,1748700456,"ReWes-I89"
"31/05/2025 21:28:21",32.4,50.56,22,0.47,0.216,1748701701,"ReWes-I89"
"31/05/2025 21:41:02",30.2,58.4,29,0.62,0.284,1748702462,"ReWes-I89"
"31/05/2025 21:48:32",32.9,46.28,39,0.83,0.382,1748702912,"ReWes-I89"
"31/05/2025 21:55:42",31.4,46.7,31,0.66,0.304,1748703342,"ReWes-I89"
"31/05/2025 22:12:17",34.6,47.72,30,0.64,0.294,1748704337,"ReWes-I89"
"31/05/2025 22:29:23",33.5,45.61,22,0.47,0.216,1748705363,"ReWes-I89"
"31/05/2025 22:40:23",34.7,56.2,36,0.77,0.353,1748706023,"ReWes-I89"
"31/05/2025 22:48:04",34.5,45.35,31,0.66,0.304,1748706484,"ReWes-I89"
"31/05/2025 22:55:39",32.3,45.71,32,0.68,0.314,1748706939,"ReWes-I89"
"31/05/2025 23:14:40",32.9,54.33,21,0.45,0.206,1748708080,"ReWes-I89"
"31/05/2025 23:39:10",34.9,59.89,39,0.83,0.382,1748709550,"ReWes-I89"
"31/05/2025 23:52:25",32.8,48.99,28,0.6,0.274,1748710345,"ReWes-I89"
"31/05/2025 23:59:35",32.9,40.3,27,0.57,0.265,1748710775,"ReWes-I89"
"01/06/2025 00:18:00",31.9,54.14,36,0.77,0.353,1748711880,"ReWes-I89"
"01/06/2025 00:32:10",34.6,53.53,25,0.53,0.245,1748712730,"ReWes-I89"
"01/06/2025 00:41:40",32.5,46.48,25,0.53,0.245,1748713300,"ReWes-I89"
"01/06/2025 00:49:25",34,50.79,28,0.6,0.274,1748713765,"ReWes-I89"
"01/06/2025 00:57:00",32.5,58.18,28,0.6,0.274,1748714220,"ReWes-I89"
"01/06/2025 01:21:05",31.2,45,32,0.68,0.314,1748715665,"ReWes-I89"
"01/06/2025 01:42:06",31.6,56.94,21,0.45,0.206,1748716926,"ReWes-I89"
"01/06/2025 01:51:56",33.7,40.63,20,0.43,0.196,1748717516,"ReWes-I89"
"01/06/2025 01:59:26",30.5,55.37,34,0.72,0.333,1748717966,"ReWes-I89"
"01/06/2025 02:16:16",30.4,53.45,39,0.83,0.382,1748718976,"ReWes-I89"
"01/06/2025 02:25:31",32.7,40.71,33,0.7,0.323,1748719531,"ReWes-I89"
"01/06/2025 02:34:46",30.1,53.85,34,0.72,0.333,1748720086,"ReWes-I89"
"01/06/2025 02:42:06",30.8,55.96,24,0.51,0.235,1748720526,"ReWes-I89"
"01/06/2025 02:49:26",32.6,59.55,20,0.43,0.196,1748720966,"ReWes-I89"
"01/06/2025 02:56:46",32.6,44.85,25,0.53,0.245,1748721406,"ReWes-I89"
"01/06/2025 03:16:02",31.4,53.2,30,0.64,0.294,1748722562,"ReWes-I89"
"01/06/2025 03:31:42",33.2,40.96,34,0.72,0.333,1748723502,"ReWes-I89"
"01/06/2025 03:43:22",32.7,54.99,32,0.68,0.314,1748724202,"ReWes-I89"
"01/06/2025 03:50:47",31.8,52.35,29,0.62,0.284,1748724647,"ReWes-I89"
"01/06/2025 03:58:12",33.4,54.44,39,0.83,0.382,1748725092,"ReWes-I89"
"01/06/2025 04:16:48",30.5,53.49,36,0.77,0.353,1748726208,"ReWes-I89"
"01/06/2025 04:30:18",31.7,48.03,35,0.74,0.343,1748727018,"ReWes-I89"
"01/06/2025 04:40:09",32.6,53.76,37,0.79,0.363,1748727609,"ReWes-I89"
"01/06/2025 04:47:34",34.8,40.05,27,0.57,0.265,1748728054,"ReWes-I89"
"01/06/2025 04:55:09",33.6,43.38,23,0.49,0.225,1748728509,"ReWes-I89"
"01/06/2025 05:11:10",31.3,45.93,20,0.43,0.196,1748729470,"ReWes-I89"
"01/06/2025 05:31:25",33,51.67,38,0.81,0.372,1748730685,"ReWes-I89"
"01/06/2025 05:44:20",33.5,44.1,22,0.47,0.216,1748731460,"ReWes-I89"
"01/06/2025 05:51:55",31.9,58.61,24,0.51,0.235,1748731915,"ReWes-I89"
"01/06/2025 05:59:15",32.5,51.58,20,0.43,0.196,1748732355,"ReWes-I89"
"01/06/2025 06:20:25",34.6,42.59,27,0.57,0.265,1748733625,"ReWes-I89"
"01/06/2025 06:32:05",33.3,57.75,21,0.45,0.206,1748734325,"ReWes-I89"
"01/06/2025 06:42:15",31.7,59.04,29,0.62,0.284,1748734935,"ReWes-I89"
"01/06/2025 06:49:40",34,58.9,30,0.64,0.294,1748735380,"ReWes-I89"
"01/06/2025 06:57:10",33.7,54.26,36,0.77,0.353,1748735830,"ReWes-I89"
"01/06/2025 08:44:21",32.1,53.61,24,0.51,0.235,1748742261,"ReWes-I89"
"01/06/2025 10:23:33",33.2,56.98,26,0.55,0.255,1748748213,"ReWes-I89"
"01/06/2025 11:08:45",32.1,49.61,38,0.81,0.372,1748750925,"ReWes-I89"
"01/06/2025 11:46:00",30.3,43.65,27,0.57,0.265,1748753160,"ReWes-I89"
"01/06/2025 11:59:40",33.5,45.89,27,0.57,0.265,1748753980,"ReWes-I89"
"01/06/2025 12:22:20",31.5,57.13,20,0.43,0.196,1748755340,"ReWes-I89"
"01/06/2025 12:38:45",34.7,45.95,36,0.77,0.353,1748756325,"ReWes-I89"
"01/06/2025 12:47:30",33,50.13,30,0.64,0.294,1748756850,"ReWes-I89"
"01/06/2025 12:54:50",32.8,43.34,20,0.43,0.196,1748757290,"ReWes-I89"
"01/06/2025 13:16:36",33.4,54.85,25,0.53,0.245,1748758596,"ReWes-I89"
"01/06/2025 13:43:36",33.5,53.84,39,0.83,0.382,1748760216,"ReWes-I89"
"01/06/2025 13:54:41",30.1,49.3,39,0.83,0.382,1748760881,"ReWes-I89"
"01/06/2025 14:11:06",30.7,42.76,26,0.55,0.255,1748761866,"ReWes-I89"
"01/06/2025 14:27:56",32.1,58.72,38,0.81,0.372,1748762876,"ReWes-I89"
"01/06/2025 14:38:37",32.6,48.34,22,0.47,0.216,1748763517,"ReWes-I89"
"01/06/2025 14:46:07",31.3,49.54,35,0.74,0.343,1748763967,"ReWes-I89"
"01/06/2025 14:53:22",32.2,52.64,34,0.72,0.333,1748764402,"ReWes-I89"
"01/06/2025 15:11:07",30.8,47.8,20,0.43,0.196,1748765467,"ReWes-I89"
"01/06/2025 15:35:48",30.7,50.52,21,0.45,0.206,1748766948,"ReWes-I89"
"01/06/2025 15:51:33",30.8,46.65,34,0.72,0.333,1748767893,"ReWes-I89"
"01/06/2025 15:59:14",32.9,42.73,38,0.81,0.372,1748768354,"ReWes-I89"
"01/06/2025 16:21:20",33.2,45.42,32,0.68,0.314,1748769680,"ReWes-I89"
"01/06/2025 16:34:05",32.9,56.88,32,0.68,0.314,1748770445,"ReWes-I89"
"01/06/2025 16:43:35",34.5,48.69,27,0.57,0.265,1748771015,"ReWes-I89"
"01/06/2025 16:51:15",31.2,59.27,34,0.72,0.333,1748771475,"ReWes-I89"
"01/06/2025 16:58:45",33.7,42.37,27,0.57,0.265,1748771925,"ReWes-I89"
"01/06/2025 17:20:50",31.2,45.38,38,0.81,0.372,1748773250,"ReWes-I89"
"01/06/2025 17:39:40",34.1,55.71,21,0.45,0.206,1748774380,"ReWes-I89"
"01/06/2025 17:49:05",33.2,58.07,34,0.72,0.333,1748774945,"ReWes-I89"
"01/06/2025 17:56:50",33.9,53.2,34,0.72,0.333,1748775410,"ReWes-I89"
"01/06/2025 18:12:35",30.4,58.25,37,0.79,0.363,1748776355,"ReWes-I89"
"01/06/2025 18:25:50",31.5,50.15,22,0.47,0.216,1748777150,"ReWes-I89"
"01/06/2025 18:35:10",32.6,56.74,23,0.49,0.225,1748777710,"ReWes-I89"
"01/06/2025 18:42:40",32.1,40.94,36,0.77,0.353,1748778160,"ReWes-I89"
"01/06/2025 18:50:15",32.5,42.05,38,0.81,0.372,1748778615,"ReWes-I89"
"01/06/2025 18:57:45",34.4,40.73,20,0.43,0.196,1748779065,"ReWes-I89"
"01/06/2025 19:35:01",33.1,51.77,24,0.51,0.235,1748781301,"ReWes-I89"
"01/06/2025 20:05:31",33.8,44.97,38,0.81,0.372,1748783131,"ReWes-I89"
"01/06/2025 20:33:22",32.6,44.99,32,0.68,0.314,1748784802,"ReWes-I89"
"01/06/2025 20:44:52",31.9,57.97,20,0.43,0.196,1748785492,"ReWes-I89"
"01/06/2025 20:52:07",30.2,46.35,29,0.62,0.284,1748785927,"ReWes-I89"
"01/06/2025 20:59:22",34.4,40.66,33,0.7,0.323,1748786362,"ReWes-I89"
"01/06/2025 21:18:43",30.1,40.7,39,0.83,0.382,1748787523,"ReWes-I89"
"01/06/2025 21:35:18",34.3,57.45,32,0.68,0.314,1748788518,"ReWes-I89"
"01/06/2025 21:46:14",33.1,41.45,31,0.66,0.304,1748789174,"ReWes-I89"
"01/06/2025 21:53:29",30.4,41.73,22,0.47,0.216,1748789609,"ReWes-I89"
"01/06/2025 22:07:44",32.1,58.26,31,0.66,0.304,1748790464,"ReWes-I89"
"01/06/2025 22:27:40",31,47.39,27,0.57,0.265,1748791660,"ReWes-I89"
"01/06/2025 22:38:30",32.8,58.5,25,0.53,0.245,1748792310,"ReWes-I89"
"01/06/2025 22:45:55",32.5,59.37,29,0.62,0.284,1748792755,"ReWes-I89"
"01/06/2025 22:53:40",30.2,54.5,33,0.7,0.323,1748793220,"ReWes-I89"
"01/06/2025 23:09:45",34.4,40.13,37,0.79,0.363,1748794185,"ReWes-I89"
"01/06/2025 23:35:05",30.1,51.66,35,0.74,0.343,1748795705,"ReWes-I89"
"01/06/2025 23:50:30",32.1,53.09,34,0.72,0.333,1748796630,"ReWes-I89"
"01/06/2025 23:57:50",31.8,59.69,24,0.51,0.235,1748797070,"ReWes-I89"
"02/06/2025 00:15:21",30.8,48.19,22,0.47,0.216,1748798121,"ReWes-I89"
"02/06/2025 00:31:11",33.9,53.64,33,0.7,0.323,1748799071,"ReWes-I89"
"02/06/2025 00:43:31",33.2,42.68,20,0.43,0.196,1748799811,"ReWes-I89"
"02/06/2025 00:51:06",31.7,56.93,30,0.64,0.294,1748800266,"ReWes-I89"
"02/06/2025 00:58:26",30.9,57.36,30,0.64,0.294,1748800706,"ReWes-I89"
"02/06/2025 01:26:06",34.5,58.49,28,0.6,0.274,1748802366,"ReWes-I89"
"02/06/2025 01:44:37",31.4,47.78,27,0.57,0.265,1748803477,"ReWes-I89"
"02/06/2025 01:53:27",32,52.59,20,0.43,0.196,1748804007,"ReWes-I89"
"02/06/2025 02:05:27",32.8,47.49,31,0.66,0.304,1748804727,"ReWes-I89"
"02/06/2025 02:21:27",31.2,50.32,32,0.68,0.314,1748805687,"ReWes-I89"
"02/06/2025 02:28:53",33.9,49.23,27,0.57,0.265,1748806133,"ReWes-I89"
"02/06/2025 02:37:58",33.8,50.21,25,0.53,0.245,1748806678,"ReWes-I89"
"02/06/2025 02:45:13",30.1,52.41,25,0.53,0.245,1748807113,"ReWes-I89"
"02/06/2025 02:52:33",30.6,47.12,30,0.64,0.294,1748807553,"ReWes-I89"
"02/06/2025 02:59:44",33,53.92,26,0.55,0.255,1748807984,"ReWes-I89"
"02/06/2025 03:24:20",33.2,51.89,36,0.77,0.353,1748809460,"ReWes-I89"
"02/06/2025 03:37:45",33.6,57.82,22,0.47,0.216,1748810265,"ReWes-I89"
"02/06/2025 03:46:50",33.8,40.72,24,0.51,0.235,1748810810,"ReWes-I89"
"02/06/2025 03:54:10",32.5,43.47,25,0.53,0.245,1748811250,"ReWes-I89"
"02/06/2025 04:08:55",30.4,52.55,24,0.51,0.235,1748812135,"ReWes-I89"
"02/06/2025 04:26:20",33.7,54.74,39,0.83,0.382,1748813180,"ReWes-I89"
"02/06/2025 04:36:15",33.5,44,34,0.72,0.333,1748813775,"ReWes-I89"
"02/06/2025 04:43:50",32.7,52.76,27,0.57,0.265,1748814230,"ReWes-I89"
"02/06/2025 04:51:35",34.1,55.4,38,0.81,0.372,1748814695,"ReWes-I89"
"02/06/2025 04:58:55",32.1,43.52,27,0.57,0.265,1748815135,"ReWes-I89"
"02/06/2025 05:19:40",32.1,52.72,31,0.66,0.304,1748816380,"ReWes-I89"
"02/06/2025 05:37:51",31,59.86,32,0.68,0.314,1748817471,"ReWes-I89"
"02/06/2025 05:46:46",30.7,52.26,20,0.43,0.196,1748818006,"ReWes-I89"
"02/06/2025 05:54:01",32.1,53.45,38,0.81,0.372,1748818441,"ReWes-I89"
"02/06/2025 06:09:21",32.5,40.94,23,0.49,0.225,1748819361,"ReWes-I89"
"02/06/2025 06:27:46",30.6,55.27,38,0.81,0.372,1748820466,"ReWes-I89"
"02/06/2025 06:38:26",33.1,57.89,25,0.53,0.245,1748821106,"ReWes-I89"
"02/06/2025 06:46:01",32.8,51.3,25,0.53,0.245,1748821561,"ReWes-I89"
"02/06/2025 06:53:31",31.1,54.49,28,0.6,0.274,1748822011,"ReWes-I89"
"02/06/2025 07:46:22",32,55.17,37,0.79,0.363,1748825182,"ReWes-I89"
"02/06/2025 09:32:05",33.8,40.62,38,0.81,0.372,1748831525,"ReWes-I89"
"02/06/2025 10:40:05",31.5,57.17,34,0.72,0.333,1748835605,"ReWes-I89"
"02/06/2025 11:06:15",31.9,44.48,30,0.64,0.294,1748837175,"ReWes-I89"
"02/06/2025 11:38:50",32,42.43,30,0.64,0.294,1748839130,"ReWes-I89"
"02/06/2025 11:55:46",33.1,45.39,37,0.79,0.363,1748840146,"ReWes-I89"
"02/06/2025 12:15:11",30.1,45.92,23,0.49,0.225,1748841311,"ReWes-I89"
"02/06/2025 12:37:36",30.8,47.69,30,0.64,0.294,1748842656,"ReWes-I89"
"02/06/2025 12:48:56",31.5,55.34,39,0.83,0.382,1748843336,"ReWes-I89"
"02/06/2025 12:56:16",31.9,49.19,31,0.66,0.304,1748843776,"ReWes-I89"
"02/06/2025 13:22:56",31.1,59.48,23,0.49,0.225,1748845376,"ReWes-I89"
"02/06/2025 13:49:27",30.4,53.04,25,0.53,0.245,1748846967,"ReWes-I89"
"02/06/2025 13:59:47",32.9,51.97,35,0.74,0.343,1748847587,"ReWes-I89"
"02/06/2025 14:24:02",32.8,53.14,34,0.72,0.333,1748849042,"ReWes-I89"
"02/06/2025 14:37:48",33.1,53.88,28,0.6,0.274,1748849868,"ReWes-I89"
"02/06/2025 14:46:13",33.6,57.66,24,0.51,0.235,1748850373,"ReWes-I89"
"02/06/2025 14:53:48",32.4,44.36,29,0.62,0.284,1748850828,"ReWes-I89"
"02/06/2025 15:14:44",31.7,55.76,30,0.64,0.294,1748852084,"ReWes-I89"
"02/06/2025 15:43:05",32.1,44.25,35,0.74,0.343,1748853785,"ReWes-I89"
"02/06/2025 15:56:45",31.6,55.67,33,0.7,0.323,1748854605,"ReWes-I89"
"02/06/2025 16:18:20",31.7,55.74,36,0.77,0.353,1748855900,"ReWes-I89"
"02/06/2025 16:37:15",32,43.67,20,0.43,0.196,1748857035,"ReWes-I89"
"02/06/2025 16:47:55",34.6,59.63,38,0.81,0.372,1748857675,"ReWes-I89"
"02/06/2025 16:55:40",30.9,42.07,33,0.7,0.323,1748858140,"ReWes-I89"
"02/06/2025 17:15:05",32.6,59.13,25,0.53,0.245,1748859305,"ReWes-I89"
"02/06/2025 17:40:51",33.7,42.03,30,0.64,0.294,1748860851,"ReWes-I89"
"02/06/2025 17:52:01",33.3,52.95,32,0.68,0.314,1748861521,"ReWes-I89"
"02/06/2025 17:59:26",32.7,52.37,24,0.51,0.235,1748861966,"ReWes-I89"
"02/06/2025 18:19:41",32,56.65,22,0.47,0.216,1748863181,"ReWes-I89"
"02/06/2025 18:31:16",32.5,56.17,37,0.79,0.363,1748863876,"ReWes-I89"
"02/06/2025 18:41:31",30.6,50.51,32,0.68,0.314,1748864491,"ReWes-I89"
"02/06/2025 18:49:01",30.1,46.48,29,0.62,0.284,1748864941,"ReWes-I89"
"02/06/2025 18:56:26",31.9,50.92,39,0.83,0.382,1748865386,"ReWes-I89"
"02/06/2025 19:32:17",32.1,55.72,36,0.77,0.353,1748867537,"ReWes-I89"
"02/06/2025 20:09:33",31.8,40.54,37,0.79,0.363,1748869773,"ReWes-I89"
"02/06/2025 20:41:44",30.6,50.07,37,0.79,0.363,1748871704,"ReWes-I89"
"02/06/2025 20:53:14",30.7,40.44,36,0.77,0.353,1748872394,"ReWes-I89"
"02/06/2025 21:08:40",33.9,52.97,25,0.53,0.245,1748873320,"ReWes-I89"
"02/06/2025 21:34:05",30.9,46.21,22,0.47,0.216,1748874845,"ReWes-I89"
"02/06/2025 21:49:30",34,56.65,35,0.74,0.343,1748875770,"ReWes-I89"
"02/06/2025 21:56:55",32.4,45.35,29,0.62,0.284,1748876215,"ReWes-I89"
"02/06/2025 22:18:10",33.3,51.28,23,0.49,0.225,1748877490,"ReWes-I89"
"02/06/2025 22:38:25",31.9,45.09,39,0.83,0.382,1748878705,"ReWes-I89"
"02/06/2025 22:49:10",34.2,41.57,36,0.77,0.353,1748879350,"ReWes-I89"
"02/06/2025 22:56:40",32.8,55.62,33,0.7,0.323,1748879800,"ReWes-I89"
"02/06/2025 23:20:46",31,59.62,34,0.72,0.333,1748881246,"ReWes-I89"
"02/06/2025 23:46:41",30.1,55.57,27,0.57,0.265,1748882801,"ReWes-I89"
"02/06/2025 23:59:21",31.1,51.85,33,0.7,0.323,1748883561,"ReWes-I89"
"03/06/2025 00:20:06",34.4,51.34,37,0.79,0.363,1748884806,"ReWes-I89"
"03/06/2025 00:37:56",33.5,50.16,22,0.47,0.216,1748885876,"ReWes-I89"
"03/06/2025 00:47:12",30.7,59.67,24,0.51,0.235,1748886432,"ReWes-I89"
"03/06/2025 00:54:52",31.8,45.07,25,0.53,0.245,1748886892,"ReWes-I89"
"03/06/2025 01:16:27",33.9,56.88,34,0.72,0.333,1748888187,"ReWes-I89"
"03/06/2025 01:44:18",33.2,46.53,27,0.57,0.265,1748889858,"ReWes-I89"
"03/06/2025 01:56:28",34,58,30,0.64,0.294,1748890588,"ReWes-I89"
"03/06/2025 02:12:19",34,49.94,21,0.45,0.206,1748891539,"ReWes-I89"
"03/06/2025 02:25:40",33.4,45.75,38,0.81,0.372,1748892340,"ReWes-I89"
"03/06/2025 02:34:40",32.5,51.21,33,0.7,0.323,1748892880,"ReWes-I89"
"03/06/2025 02:42:25",33.6,57.12,32,0.68,0.314,1748893345,"ReWes-I89"
"03/06/2025 02:50:05",30.6,45.53,32,0.68,0.314,1748893805,"ReWes-I89"
"03/06/2025 02:57:35",33.3,59.39,37,0.79,0.363,1748894255,"ReWes-I89"
"03/06/2025 03:19:35",33.1,42.7,31,0.66,0.304,1748895575,"ReWes-I89"
"03/06/2025 03:37:25",30.3,43.78,35,0.74,0.343,1748896645,"ReWes-I89"
"03/06/2025 03:48:05",30.6,47.19,21,0.45,0.206,1748897285,"ReWes-I89"
"03/06/2025 03:55:35",30.9,53.35,33,0.7,0.323,1748897735,"ReWes-I89"
"03/06/2025 04:13:50",30.3,58.51,26,0.55,0.255,1748898830,"ReWes-I89"
"03/06/2025 04:32:55",34.8,48.81,22,0.47,0.216,1748899975,"ReWes-I89"
"03/06/2025 04:44:05",32.2,59.84,36,0.77,0.353,1748900645,"ReWes-I89"
"03/06/2025 04:51:36",34,51.62,30,0.64,0.294,1748901096,"ReWes-I89"
"03/06/2025 04:58:56",34.4,55.92,28,0.6,0.274,1748901536,"ReWes-I89"
"03/06/2025 05:20:06",30,52.17,37,0.79,0.363,1748902806,"ReWes-I89"
"03/06/2025 05:38:36",34.1,52.63,27,0.57,0.265,1748903916,"ReWes-I89"
"03/06/2025 05:47:56",32.7,53.3,31,0.66,0.304,1748904476,"ReWes-I89"
"03/06/2025 05:55:16",31.2,41.37,22,0.47,0.216,1748904916,"ReWes-I89"
"03/06/2025 06:12:21",31.3,50.6,22,0.47,0.216,1748905941,"ReWes-I89"
"03/06/2025 06:31:06",34.5,57.85,26,0.55,0.255,1748907066,"ReWes-I89"
"03/06/2025 06:44:26",31,50.11,24,0.51,0.235,1748907866,"ReWes-I89"
"03/06/2025 06:51:52",33.9,57.89,32,0.68,0.314,1748908312,"ReWes-I89"
"03/06/2025 06:59:32",32.3,44.94,23,0.49,0.225,1748908772,"ReWes-I89"
"03/06/2025 08:53:50",33.9,56.15,32,0.68,0.314,1748915630,"ReWes-I89"
"03/06/2025 10:10:05",34.2,49.04,33,0.7,0.323,1748920205,"ReWes-I89"
"03/06/2025 10:53:15",30.6,53.83,27,0.57,0.265,1748922795,"ReWes-I89"
"03/06/2025 11:15:40",31.2,55.31,31,0.66,0.304,1748924140,"ReWes-I89"
"03/06/2025 11:42:51",33.2,53.17,32,0.68,0.314,1748925771,"ReWes-I89"
"03/06/2025 11:54:36",31.4,55.3,37,0.79,0.363,1748926476,"ReWes-I89"
"03/06/2025 12:12:51",33,52.91,34,0.72,0.333,1748927571,"ReWes-I89"
"03/06/2025 12:34:21",30,40.33,27,0.57,0.265,1748928861,"ReWes-I89"
"03/06/2025 12:46:51",30.1,51.83,33,0.7,0.323,1748929611,"ReWes-I89"
"03/06/2025 12:54:21",31,59.25,22,0.47,0.216,1748930061,"ReWes-I89"
"03/06/2025 13:16:27",34.3,58.15,37,0.79,0.363,1748931387,"ReWes-I89"
"03/06/2025 13:47:02",30.2,50.44,34,0.72,0.333,1748933222,"ReWes-I89"
"03/06/2025 13:59:02",31.2,59.54,28,0.6,0.274,1748933942,"ReWes-I89"
"03/06/2025 14:22:03",33.7,53.34,38,0.81,0.372,1748935323,"ReWes-I89"
"03/06/2025 14:37:34",30.8,47.8,37,0.79,0.363,1748936254,"ReWes-I89"
"03/06/2025 14:46:04",32.6,45.57,23,0.49,0.225,1748936764,"ReWes-I89"
"03/06/2025 14:53:39",31.1,43.06,39,0.83,0.382,1748937219,"ReWes-I89"
"03/06/2025 15:14:05",34.8,47.16,35,0.74,0.343,1748938445,"ReWes-I89"
"03/06/2025 15:43:00",32.3,48.89,26,0.55,0.255,1748940180,"ReWes-I89"
"03/06/2025 15:57:10",33.7,43.43,20,0.43,0.196,1748941030,"ReWes-I89"
"03/06/2025 16:19:00",32.8,45.19,29,0.62,0.284,1748942340,"ReWes-I89"
"03/06/2025 16:38:10",34.6,45.43,36,0.77,0.353,1748943490,"ReWes-I89"
"03/06/2025 16:48:50",34.9,48.14,35,0.74,0.343,1748944130,"ReWes-I89"
"03/06/2025 16:56:20",31.1,44.38,37,0.79,0.363,1748944580,"ReWes-I89"
"03/06/2025 17:17:10",31,45.01,30,0.64,0.294,1748945830,"ReWes-I89"
"03/06/2025 17:42:21",30.7,44.56,30,0.64,0.294,1748947341,"ReWes-I89"
"03/06/2025 17:53:06",31.7,43.02,32,0.68,0.314,1748947986,"ReWes-I89"
"03/06/2025 18:00:51",33.7,42.94,32,0.68,0.314,1748948451,"ReWes-I89"
"03/06/2025 18:22:36",34.6,49.51,28,0.6,0.274,1748949756,"ReWes-I89"
"03/06/2025 18:33:11",34.1,54.57,36,0.77,0.353,1748950391,"ReWes-I89"
"03/06/2025 18:43:16",34.6,41.02,31,0.66,0.304,1748950996,"ReWes-I89"
"03/06/2025 18:50:56",34.3,40.82,25,0.53,0.245,1748951456,"ReWes-I89"
"03/06/2025 18:58:26",35,48.5,36,0.77,0.353,1748951906,"ReWes-I89"
"03/06/2025 19:41:42",30.6,49.63,38,0.81,0.372,1748954502,"ReWes-I89"
"03/06/2025 20:21:08",34.1,47.09,30,0.64,0.294,1748956868,"ReWes-I89"
"03/06/2025 20:46:59",31.2,54.54,23,0.49,0.225,1748958419,"ReWes-I89"
"03/06/2025 20:57:24",34.7,57.32,26,0.55,0.255,1748959044,"ReWes-I89"
"03/06/2025 21:18:30",30.2,44.05,33,0.7,0.323,1748960310,"ReWes-I89"
"03/06/2025 21:41:50",32.9,55.41,21,0.45,0.206,1748961710,"ReWes-I89"
"03/06/2025 21:54:30",31.6,52.55,21,0.45,0.206,1748962470,"ReWes-I89"
"03/06/2025 22:12:30",34,41.67,32,0.68,0.314,1748963550,"ReWes-I89"
"03/06/2025 22:35:05",30.1,59.58,23,0.49,0.225,1748964905,"ReWes-I89"
"03/06/2025 22:48:30",32.8,48.94,26,0.55,0.255,1748965710,"ReWes-I89"
"03/06/2025 22:56:35",30.6,55.35,32,0.68,0.314,1748966195,"ReWes-I89"
"03/06/2025 23:21:15",32.5,50.94,23,0.49,0.225,1748967675,"ReWes-I89"
"03/06/2025 23:47:10",32.6,46.53,38,0.81,0.372,1748969230,"ReWes-I89"
"03/06/2025 23:59:25",34.2,40.34,33,0.7,0.323,1748969965,"ReWes-I89"
"04/06/2025 00:21:26",33.3,53.91,39,0.83,0.382,1748971286,"ReWes-I89"
"04/06/2025 00:38:46",32.7,56.58,37,0.79,0.363,1748972326,"ReWes-I89"
"04/06/2025 00:47:46",32.4,48.06,33,0.7,0.323,1748972866,"ReWes-I89"
"04/06/2025 00:55:21",34,40.29,30,0.64,0.294,1748973321,"ReWes-I89"
"04/06/2025 01:18:41",30.1,52.46,24,0.51,0.235,1748974721,"ReWes-I89"
"04/06/2025 01:45:51",33.8,51.72,32,0.68,0.314,1748976351,"ReWes-I89"
"04/06/2025 01:57:41",32.2,49.75,37,0.79,0.363,1748977061,"ReWes-I89"
"04/06/2025 02:14:26",31.3,53.4,36,0.77,0.353,1748978066,"ReWes-I89"
"04/06/2025 02:26:52",30.1,42.98,24,0.51,0.235,1748978812,"ReWes-I89"
"04/06/2025 02:36:12",32.1,53.47,32,0.68,0.314,1748979372,"ReWes-I89"
"04/06/2025 02:43:47",30.7,40.61,28,0.6,0.274,1748979827,"ReWes-I89"
"04/06/2025 02:51:22",33,50.75,33,0.7,0.323,1748980282,"ReWes-I89"
"04/06/2025 02:58:37",32,55.48,33,0.7,0.323,1748980717,"ReWes-I89"
"04/06/2025 03:23:23",31.4,50.37,35,0.74,0.343,1748982203,"ReWes-I89"
"04/06/2025 03:39:28",30.3,47.35,31,0.66,0.304,1748983168,"ReWes-I89"
"04/06/2025 03:48:03",33.9,47.89,21,0.45,0.206,1748983683,"ReWes-I89"
"04/06/2025 03:55:29",30.6,46.18,28,0.6,0.274,1748984129,"ReWes-I89"
"04/06/2025 04:11:54",31.8,51.61,28,0.6,0.274,1748985114,"ReWes-I89"
"04/06/2025 04:28:30",32.7,45.71,32,0.68,0.314,1748986110,"ReWes-I89"
"04/06/2025 04:38:55",33.2,49.59,23,0.49,0.225,1748986735,"ReWes-I89"
"04/06/2025 04:46:30",31.2,47.95,20,0.43,0.196,1748987190,"ReWes-I89"
"04/06/2025 04:53:35",33.7,50.41,21,0.45,0.206,1748987615,"ReWes-I89"
"04/06/2025 05:09:00",30,59.56,28,0.6,0.274,1748988540,"ReWes-I89"
"04/06/2025 05:32:50",32.3,53.65,21,0.45,0.206,1748989970,"ReWes-I89"
"04/06/2025 05:45:55",34.5,41.06,39,0.83,0.382,1748990755,"ReWes-I89"
"04/06/2025 05:53:25",33.5,58.73,23,0.49,0.225,1748991205,"ReWes-I89"
"04/06/2025 06:08:25",30.3,41.38,23,0.49,0.225,1748992105,"ReWes-I89"
"04/06/2025 06:27:55",30.4,50.93,30,0.64,0.294,1748993275,"ReWes-I89"
"04/06/2025 06:39:15",31.3,46.27,21,0.45,0.206,1748993955,"ReWes-I89"
"04/06/2025 06:46:51",32.9,54.68,20,0.43,0.196,1748994411,"ReWes-I89"
"04/06/2025 06:54:26",31,50.3,32,0.68,0.314,1748994866,"ReWes-I89"
"04/06/2025 07:55:16",34.3,50.72,21,0.45,0.206,1748998516,"ReWes-I89"
"04/06/2025 09:42:08",31,45.63,22,0.47,0.216,1749004928,"ReWes-I89"
"04/06/2025 10:37:54",34.5,43.91,22,0.47,0.216,1749008274,"ReWes-I89"
"04/06/2025 11:02:15",33.6,54.27,30,0.64,0.294,1749009735,"ReWes-I89"
"04/06/2025 11:34:45",31.3,57.85,26,0.55,0.255,1749011685,"ReWes-I89"
"04/06/2025 11:50:55",32.9,46.72,25,0.53,0.245,1749012655,"ReWes-I89"
"04/06/2025 11:58:45",30.7,58.37,34,0.72,0.333,1749013125,"ReWes-I89"
"04/06/2025 12:20:50",31.6,51.25,20,0.43,0.196,1749014450,"ReWes-I89"
"04/06/2025 12:40:00",32.4,54.35,21,0.45,0.206,1749015600,"ReWes-I89"
"04/06/2025 12:50:05",30.4,51.95,21,0.45,0.206,1749016205,"ReWes-I89"
"04/06/2025 12:57:25",32.7,59.37,39,0.83,0.382,1749016645,"ReWes-I89"
"04/06/2025 13:26:16",30.4,50.93,33,0.7,0.323,1749018376,"ReWes-I89"
"04/06/2025 13:49:16",34.3,57.32,26,0.55,0.255,1749019756,"ReWes-I89"
"04/06/2025 13:58:41",30.2,49.61,21,0.45,0.206,1749020321,"ReWes-I89"
"04/06/2025 14:20:36",31.2,40.24,26,0.55,0.255,1749021636,"ReWes-I89"
"04/06/2025 14:35:01",32.8,52.62,37,0.79,0.363,1749022501,"ReWes-I89"
"04/06/2025 14:45:16",34,51.74,27,0.57,0.265,1749023116,"ReWes-I89"
"04/06/2025 14:52:52",32.6,51.27,31,0.66,0.304,1749023572,"ReWes-I89"
"04/06/2025 15:00:07",31.1,48.5,39,0.83,0.382,1749024007,"ReWes-I89"
"04/06/2025 15:33:07",31.4,56.31,31,0.66,0.304,1749025987,"ReWes-I89"
"04/06/2025 15:52:58",33.6,57,28,0.6,0.274,1749027178,"ReWes-I89"
"04/06/2025 16:00:33",32.9,51.25,34,0.72,0.333,1749027633,"ReWes-I89"
"04/06/2025 16:27:24",32.4,45.38,34,0.72,0.333,1749029244,"ReWes-I89"
"04/06/2025 16:42:05",31.4,50.46,20,0.43,0.196,1749030125,"ReWes-I89"
"04/06/2025 16:50:40",30.7,46.73,32,0.68,0.314,1749030640,"ReWes-I89"
"04/06/2025 16:57:55",34.9,51.56,38,0.81,0.372,1749031075,"ReWes-I89"
"04/06/2025 17:20:45",32.3,49.63,20,0.43,0.196,1749032445,"ReWes-I89"
"04/06/2025 17:42:30",32.4,50.6,20,0.43,0.196,1749033750,"ReWes-I89"
"04/06/2025 17:53:25",33.3,53.15,30,0.64,0.294,1749034405,"ReWes-I89"
"04/06/2025 18:08:00",34,50.57,30,0.64,0.294,1749035280,"ReWes-I89"
"04/06/2025 18:26:00",35,50.56,25,0.53,0.245,1749036360,"ReWes-I89"
"04/06/2025 18:37:50",34,46.2,33,0.7,0.323,1749037070,"ReWes-I89"
"04/06/2025 18:45:21",33.6,40.13,24,0.51,0.235,1749037521,"ReWes-I89"
"04/06/2025 18:53:06",31.5,53.67,27,0.57,0.265,1749037986,"ReWes-I89"
"04/06/2025 19:00:16",33.3,47.12,26,0.55,0.255,1749038416,"ReWes-I89"
"04/06/2025 19:52:31",32.3,46.17,20,0.43,0.196,1749041551,"ReWes-I89"
"04/06/2025 20:26:11",33.1,58.69,24,0.51,0.235,1749043571,"ReWes-I89"
"04/06/2025 20:50:02",32.4,58.72,35,0.74,0.343,1749045002,"ReWes-I89"
"04/06/2025 20:57:22",31.1,58.98,23,0.49,0.225,1749045442,"ReWes-I89"
"04/06/2025 21:14:47",34.8,57.96,22,0.47,0.216,1749046487,"ReWes-I89"
"04/06/2025 21:53:08",30.4,58.62,31,0.66,0.304,1749048788,"ReWes-I89"
"04/06/2025 22:33:30",32.1,50.2,36,0.77,0.353,1749051210,"ReWes-I89"
"04/06/2025 22:57:55",33.7,58.16,39,0.83,0.382,1749052675,"ReWes-I89"
"04/06/2025 23:20:25",33.1,40.01,24,0.51,0.235,1749054025,"ReWes-I89"
"04/06/2025 23:42:20",34.5,50.52,22,0.47,0.216,1749055340,"ReWes-I89"
"04/06/2025 23:54:30",32,50.08,37,0.79,0.363,1749056070,"ReWes-I89"
"05/06/2025 00:10:20",32.8,52.35,22,0.47,0.216,1749057020,"ReWes-I89"
"05/06/2025 00:31:55",31.4,40.93,36,0.77,0.353,1749058315,"ReWes-I89"
"05/06/2025 00:44:45",33.2,50.31,34,0.72,0.333,1749059085,"ReWes-I89"
"05/06/2025 00:52:31",32.8,42.29,33,0.7,0.323,1749059551,"ReWes-I89"
"05/06/2025 01:00:01",34.7,47.53,36,0.77,0.353,1749060001,"ReWes-I89"
"05/06/2025 01:33:31",31.2,42.55,37,0.79,0.363,1749062011,"ReWes-I89"
"05/06/2025 01:52:36",31.6,42.73,25,0.53,0.245,1749063156,"ReWes-I89"
"05/06/2025 01:59:56",33.4,40.95,32,0.68,0.314,1749063596,"ReWes-I89"
"05/06/2025 02:19:11",30.1,46.01,39,0.83,0.382,1749064751,"ReWes-I89"
"05/06/2025 02:27:41",33.5,44.15,36,0.77,0.353,1749065261,"ReWes-I89"
"05/06/2025 02:36:06",30.2,42.76,22,0.47,0.216,1749065766,"ReWes-I89"
"05/06/2025 02:43:26",32.2,42.18,39,0.83,0.382,1749066206,"ReWes-I89"
"05/06/2025 02:50:37",31.4,45.85,38,0.81,0.372,1749066637,"ReWes-I89"
"05/06/2025 02:57:52",31.1,43.39,39,0.83,0.382,1749067072,"ReWes-I89"
"05/06/2025 03:16:32",32.3,46.04,30,0.64,0.294,1749068192,"ReWes-I89"
"05/06/2025 03:29:27",33.6,58.83,27,0.57,0.265,1749068967,"ReWes-I89"
"05/06/2025 03:39:28",34,46.78,20,0.43,0.196,1749069568,"ReWes-I89"
"05/06/2025 03:46:28",30.3,47.56,23,0.49,0.225,1749069988,"ReWes-I89"
"05/06/2025 03:53:58",30.4,49.88,20,0.43,0.196,1749070438,"ReWes-I89"
"05/06/2025 04:07:44",33.4,59.63,39,0.83,0.382,1749071264,"ReWes-I89"
"05/06/2025 04:22:54",32.3,41.15,29,0.62,0.284,1749072174,"ReWes-I89"
"05/06/2025 04:30:20",32.8,49.91,39,0.83,0.382,1749072620,"ReWes-I89"
"05/06/2025 04:38:15",32.2,47.74,38,0.81,0.372,1749073095,"ReWes-I89"
"05/06/2025 04:45:45",32.6,42.38,38,0.81,0.372,1749073545,"ReWes-I89"
"05/06/2025 04:53:20",30.6,58.55,26,0.55,0.255,1749074000,"ReWes-I89"
"05/06/2025 05:07:40",33.3,47.53,20,0.43,0.196,1749074860,"ReWes-I89"
"05/06/2025 05:28:10",32.8,43.43,24,0.51,0.235,1749076090,"ReWes-I89"
"05/06/2025 05:38:30",31.4,53.82,38,0.81,0.372,1749076710,"ReWes-I89"
"05/06/2025 05:45:55",32.4,46.51,25,0.53,0.245,1749077155,"ReWes-I89"
"05/06/2025 05:53:20",30.3,53.08,20,0.43,0.196,1749077600,"ReWes-I89"
"05/06/2025 06:08:35",31.2,52.19,31,0.66,0.304,1749078515,"ReWes-I89"
"05/06/2025 06:28:00",30.8,55.71,27,0.57,0.265,1749079680,"ReWes-I89"
"05/06/2025 06:39:26",34.9,49.22,23,0.49,0.225,1749080366,"ReWes-I89"
"05/06/2025 06:46:56",32.2,53.59,21,0.45,0.206,1749080816,"ReWes-I89"
"05/06/2025 06:54:21",31,41.48,27,0.57,0.265,1749081261,"ReWes-I89"
"05/06/2025 07:54:21",30.1,49.72,33,0.7,0.323,1749084861,"ReWes-I89"
"05/06/2025 09:39:58",30.8,43.43,31,0.66,0.304,1749091198,"ReWes-I89"
"05/06/2025 10:37:50",34.6,44.89,27,0.57,0.265,1749094670,"ReWes-I89"
"05/06/2025 11:02:50",32.4,58.37,28,0.6,0.274,1749096170,"ReWes-I89"
"05/06/2025 11:35:50",32.7,41.64,29,0.62,0.284,1749098150,"ReWes-I89"
"05/06/2025 11:52:00",31.4,56.8,22,0.47,0.216,1749099120,"ReWes-I89"
"05/06/2025 11:59:35",34.2,44.39,28,0.6,0.274,1749099575,"ReWes-I89"
"05/06/2025 12:23:25",34,52.95,26,0.55,0.255,1749101005,"ReWes-I89"
"05/06/2025 12:41:30",31.9,52.35,27,0.57,0.265,1749102090,"ReWes-I89"
"05/06/2025 12:51:10",33.2,50.4,35,0.74,0.343,1749102670,"ReWes-I89"
"05/06/2025 12:58:26",34.7,53.64,24,0.51,0.235,1749103106,"ReWes-I89"
"05/06/2025 13:30:36",33.1,46.68,38,0.81,0.372,1749105036,"ReWes-I89"
"05/06/2025 13:53:46",32.8,44.76,27,0.57,0.265,1749106426,"ReWes-I89"
"05/06/2025 14:10:21",30.6,47.83,23,0.49,0.225,1749107421,"ReWes-I89"
"05/06/2025 14:29:31",33.7,49.31,26,0.55,0.255,1749108571,"ReWes-I89"
"05/06/2025 14:40:41",34.6,58.78,29,0.62,0.284,1749109241,"ReWes-I89"
"05/06/2025 14:48:11",33.8,41.33,22,0.47,0.216,1749109691,"ReWes-I89"
"05/06/2025 14:55:37",30.6,40.86,29,0.62,0.284,1749110137,"ReWes-I89"
"05/06/2025 15:18:37",33.9,59.67,21,0.45,0.206,1749111517,"ReWes-I89"
"05/06/2025 15:43:07",34.3,55.65,36,0.77,0.353,1749112987,"ReWes-I89"
"05/06/2025 15:56:08",32.9,55.41,28,0.6,0.274,1749113768,"ReWes-I89"
"05/06/2025 16:16:04",31.3,55.28,26,0.55,0.255,1749114964,"ReWes-I89"
"05/06/2025 16:34:59",34.5,43.9,21,0.45,0.206,1749116099,"ReWes-I89"
"05/06/2025 16:46:35",30.9,58.6,25,0.53,0.245,1749116795,"ReWes-I89"
"05/06/2025 16:54:10",30,45.85,28,0.6,0.274,1749117250,"ReWes-I89"
"05/06/2025 17:11:55",32.7,52.75,20,0.43,0.196,1749118315,"ReWes-I89"
"05/06/2025 17:39:05",32.3,50.96,28,0.6,0.274,1749119945,"ReWes-I89"
"05/06/2025 17:52:05",32.1,41.31,31,0.66,0.304,1749120725,"ReWes-I89"
"05/06/2025 17:59:40",31.7,59.22,20,0.43,0.196,1749121180,"ReWes-I89"
"05/06/2025 18:20:10",34.6,55.7,34,0.72,0.333,1749122410,"ReWes-I89"
"05/06/2025 18:31:40",34.1,58.48,37,0.79,0.363,1749123100,"ReWes-I89"
"05/06/2025 18:41:50",34.3,43.86,20,0.43,0.196,1749123710,"ReWes-I89"
"05/06/2025 18:49:35",32.8,47.53,32,0.68,0.314,1749124175,"ReWes-I89"
"05/06/2025 18:56:55",34.3,45.88,30,0.64,0.294,1749124615,"ReWes-I89"
"05/06/2025 19:34:41",33,42.05,31,0.66,0.304,1749126881,"ReWes-I89"
"05/06/2025 20:10:41",34.9,42.78,33,0.7,0.323,1749129041,"ReWes-I89"
"05/06/2025 20:43:46",30.1,44.51,32,0.68,0.314,1749131026,"ReWes-I89"
"05/06/2025 20:54:51",30,43.93,34,0.72,0.333,1749131691,"ReWes-I89"
"05/06/2025 21:12:17",34.1,46.85,39,0.83,0.382,1749132737,"ReWes-I89"
"05/06/2025 21:35:37",34.5,57.22,36,0.77,0.353,1749134137,"ReWes-I89"
"05/06/2025 21:47:37",33.6,56.83,20,0.43,0.196,1749134857,"ReWes-I89"
"05/06/2025 21:55:17",32.7,42.57,24,0.51,0.235,1749135317,"ReWes-I89"
"05/06/2025 22:13:53",30.7,56.61,26,0.55,0.255,1749136433,"ReWes-I89"
"05/06/2025 22:34:13",31.2,47.39,32,0.68,0.314,1749137653,"ReWes-I89"
"05/06/2025 22:46:44",32.1,42.24,32,0.68,0.314,1749138404,"ReWes-I89"
"05/06/2025 22:54:54",34.7,54.83,27,0.57,0.265,1749138894,"ReWes-I89"
"05/06/2025 23:15:00",30.9,40.06,29,0.62,0.284,1749140100,"ReWes-I89"
"05/06/2025 23:41:40",33.1,44.34,20,0.43,0.196,1749141700,"ReWes-I89"
"05/06/2025 23:53:20",34.9,43.45,26,0.55,0.255,1749142400,"ReWes-I89"
"06/06/2025 00:05:15",31.2,53.08,24,0.51,0.235,1749143115,"ReWes-I89"
"06/06/2025 00:22:55",30.9,42.46,26,0.55,0.255,1749144175,"ReWes-I89"
"06/06/2025 00:31:20",32.7,40.57,37,0.79,0.363,1749144680,"ReWes-I89"
"06/06/2025 00:38:55",33.9,50.61,25,0.53,0.245,1749145135,"ReWes-I89"
"06/06/2025 00:46:20",31.6,57.13,31,0.66,0.304,1749145580,"ReWes-I89"
"06/06/2025 01:00:00",31.8,44.1,38,0.81,0.372,1749146400,"ReWes-I89"
"06/06/2025 01:57:26",34.5,56.23,27,0.57,0.265,1749149846,"ReWes-I89"
"06/06/2025 01:59:01",31.2,57.73,37,0.79,0.363,1749149941,"ReWes-I89"
"06/06/2025 02:15:06",32.3,44.36,24,0.51,0.235,1749150906,"ReWes-I89"
"06/06/2025 02:24:11",30.9,43.41,31,0.66,0.304,1749151451,"ReWes-I89"
"06/06/2025 02:31:56",34.9,51.89,32,0.68,0.314,1749151916,"ReWes-I89"
"06/06/2025 02:39:06",30.8,52.19,37,0.79,0.363,1749152346,"ReWes-I89"
"06/06/2025 02:46:26",33,47.38,29,0.62,0.284,1749152786,"ReWes-I89"
"06/06/2025 02:53:36",30.1,42.05,32,0.68,0.314,1749153216,"ReWes-I89"
"06/06/2025 03:08:36",34.3,46.78,20,0.43,0.196,1749154116,"ReWes-I89"
"06/06/2025 03:26:31",32.3,40.63,35,0.74,0.343,1749155191,"ReWes-I89"
"06/06/2025 03:35:27",31.2,54.25,25,0.53,0.245,1749155727,"ReWes-I89"
"06/06/2025 03:42:42",31.8,57.16,35,0.74,0.343,1749156162,"ReWes-I89"
"06/06/2025 03:50:12",32.6,41.84,24,0.51,0.235,1749156612,"ReWes-I89"
"06/06/2025 03:57:32",30.3,50.84,33,0.7,0.323,1749157052,"ReWes-I89"
"06/06/2025 04:16:47",30.8,59.45,33,0.7,0.323,1749158207,"ReWes-I89"
"06/06/2025 04:31:33",30.9,42.76,39,0.83,0.382,1749159093,"ReWes-I89"
"06/06/2025 04:42:13",33,45.01,27,0.57,0.265,1749159733,"ReWes-I89"
"06/06/2025 04:49:38",31.7,49.96,39,0.83,0.382,1749160178,"ReWes-I89"
"06/06/2025 04:57:24",32.3,48.86,31,0.66,0.304,1749160644,"ReWes-I89"
"06/06/2025 05:15:19",32,54.01,22,0.47,0.216,1749161719,"ReWes-I89"
"06/06/2025 05:34:25",30.7,41.19,37,0.79,0.363,1749162865,"ReWes-I89"
"06/06/2025 05:45:25",32.5,40.08,22,0.47,0.216,1749163525,"ReWes-I89"
"06/06/2025 05:52:45",30.2,57.47,26,0.55,0.255,1749163965,"ReWes-I89"
"06/06/2025 05:59:55",31,51.93,38,0.81,0.372,1749164395,"ReWes-I89"
"06/06/2025 06:24:40",33.2,54.84,37,0.79,0.363,1749165880,"ReWes-I89"
"06/06/2025 06:38:40",34.4,40.91,23,0.49,0.225,1749166720,"ReWes-I89"
"06/06/2025 06:47:30",33.1,56.11,39,0.83,0.382,1749167250,"ReWes-I89"
"06/06/2025 06:55:00",30.9,48.21,24,0.51,0.235,1749167700,"ReWes-I89"
"06/06/2025 07:59:55",31,51.75,35,0.74,0.343,1749171595,"ReWes-I89"
"06/06/2025 09:46:16",33.8,41.52,32,0.68,0.314,1749177976,"ReWes-I89"
"06/06/2025 10:38:17",34.8,57.98,26,0.55,0.255,1749181097,"ReWes-I89"
"06/06/2025 11:01:52",34.5,52.51,35,0.74,0.343,1749182512,"ReWes-I89"
"06/06/2025 11:34:54",33.2,47.3,28,0.6,0.274,1749184494,"ReWes-I89"
"06/06/2025 11:50:59",31.3,49.56,39,0.83,0.382,1749185459,"ReWes-I89"
"06/06/2025 11:58:35",33.6,44.25,34,0.72,0.333,1749185915,"ReWes-I89"
"06/06/2025 12:20:05",30.6,48.59,38,0.81,0.372,1749187205,"ReWes-I89"
"06/06/2025 12:40:40",30.9,58.93,21,0.45,0.206,1749188440,"ReWes-I89"
"06/06/2025 12:51:50",32.1,52.51,20,0.43,0.196,1749189110,"ReWes-I89"
"06/06/2025 12:59:15",31.6,56.5,23,0.49,0.225,1749189555,"ReWes-I89"
"06/06/2025 13:33:05",32.2,58.61,25,0.53,0.245,1749191585,"ReWes-I89"
"06/06/2025 13:54:40",31.9,42.1,31,0.66,0.304,1749192880,"ReWes-I89"
"06/06/2025 14:11:10",31.9,59.79,32,0.68,0.314,1749193870,"ReWes-I89"
"06/06/2025 14:29:05",30.6,51.17,39,0.83,0.382,1749194945,"ReWes-I89"
"06/06/2025 14:40:16",34.2,48.29,31,0.66,0.304,1749195616,"ReWes-I89"
"06/06/2025 14:47:46",34.2,56.67,31,0.66,0.304,1749196066,"ReWes-I89"
"06/06/2025 14:55:16",35,50.4,29,0.62,0.284,1749196516,"ReWes-I89"
"06/06/2025 15:17:41",33,43.97,24,0.51,0.235,1749197861,"ReWes-I89"
"06/06/2025 15:42:06",32.3,58.86,22,0.47,0.216,1749199326,"ReWes-I89"
"06/06/2025 15:55:21",30.6,53.5,28,0.6,0.274,1749200121,"ReWes-I89"
"06/06/2025 16:13:56",33.8,45.98,34,0.72,0.333,1749201236,"ReWes-I89"
"06/06/2025 16:33:22",33.9,45.39,38,0.81,0.372,1749202402,"ReWes-I89"
"06/06/2025 16:45:17",32.3,45.05,37,0.79,0.363,1749203117,"ReWes-I89"
"06/06/2025 16:52:47",31.9,41.26,38,0.81,0.372,1749203567,"ReWes-I89"
"06/06/2025 17:00:07",32.2,55.06,21,0.45,0.206,1749204007,"ReWes-I89"
"06/06/2025 17:27:08",30.7,40.17,36,0.77,0.353,1749205628,"ReWes-I89"
"06/06/2025 17:45:33",32.4,53.31,29,0.62,0.284,1749206733,"ReWes-I89"
"06/06/2025 17:54:19",33.3,41.94,39,0.83,0.382,1749207259,"ReWes-I89"
"06/06/2025 18:09:39",31.3,43.96,35,0.74,0.343,1749208179,"ReWes-I89"
"06/06/2025 18:26:45",34.7,52.19,32,0.68,0.314,1749209205,"ReWes-I89"
"06/06/2025 18:37:10",30.8,56.33,26,0.55,0.255,1749209830,"ReWes-I89"
"06/06/2025 18:44:45",33.6,52.79,38,0.81,0.372,1749210285,"ReWes-I89"
"06/06/2025 18:52:00",33.5,59.56,23,0.49,0.225,1749210720,"ReWes-I89"
"06/06/2025 18:59:20",30.3,53.74,30,0.64,0.294,1749211160,"ReWes-I89"
"06/06/2025 19:45:00",32.6,45.22,30,0.64,0.294,1749213900,"ReWes-I89"
"06/06/2025 20:19:50",30,54.65,34,0.72,0.333,1749215990,"ReWes-I89"
"06/06/2025 20:44:55",30.8,43.14,21,0.45,0.206,1749217495,"ReWes-I89"
"06/06/2025 20:54:31",30.7,55.62,30,0.64,0.294,1749218071,"ReWes-I89"
"06/06/2025 21:11:31",32,53.82,37,0.79,0.363,1749219091,"ReWes-I89"
"06/06/2025 21:33:31",34.9,59.42,24,0.51,0.235,1749220411,"ReWes-I89"
"06/06/2025 21:45:21",32,48.51,29,0.62,0.284,1749221121,"ReWes-I89"
"06/06/2025 21:52:41",32.7,41.17,24,0.51,0.235,1749221561,"ReWes-I89"
"06/06/2025 22:00:11",33.4,55.87,31,0.66,0.304,1749222011,"ReWes-I89"
"06/06/2025 22:23:16",30.7,52.69,26,0.55,0.255,1749223396,"ReWes-I89"
"06/06/2025 22:37:37",32.1,57.54,28,0.6,0.274,1749224257,"ReWes-I89"
"06/06/2025 22:46:02",32.8,52.1,22,0.47,0.216,1749224762,"ReWes-I89"
"06/06/2025 22:53:47",31.9,41.34,36,0.77,0.353,1749225227,"ReWes-I89"
"06/06/2025 23:12:12",34.3,59.5,36,0.77,0.353,1749226332,"ReWes-I89"
"06/06/2025 23:40:33",34.5,56.94,29,0.62,0.284,1749228033,"ReWes-I89"
"06/06/2025 23:55:09",31.2,58.68,21,0.45,0.206,1749228909,"ReWes-I89"
"07/06/2025 00:11:39",31.5,45.98,23,0.49,0.225,1749229899,"ReWes-I89"
"07/06/2025 00:32:25",33.9,41.12,20,0.43,0.196,1749231145,"ReWes-I89"
"07/06/2025 00:44:55",33.4,45.76,20,0.43,0.196,1749231895,"ReWes-I89"
"07/06/2025 00:52:25",30.1,49.41,21,0.45,0.206,1749232345,"ReWes-I89"
"07/06/2025 00:59:50",32.8,48.08,21,0.45,0.206,1749232790,"ReWes-I89"
"07/06/2025 01:32:55",33,48.66,33,0.7,0.323,1749234775,"ReWes-I89"
"07/06/2025 01:51:45",31.8,58.49,27,0.57,0.265,1749235905,"ReWes-I89"
"07/06/2025 01:59:20",32.8,46.79,33,0.7,0.323,1749236360,"ReWes-I89"
"07/06/2025 02:18:05",33.5,55.01,34,0.72,0.333,1749237485,"ReWes-I89"
"07/06/2025 02:28:40",34.5,40.06,26,0.55,0.255,1749238120,"ReWes-I89"
"07/06/2025 02:37:45",34.8,46.08,26,0.55,0.255,1749238665,"ReWes-I89"
"07/06/2025 02:45:10",34.6,59.01,29,0.62,0.284,1749239110,"ReWes-I89"
"07/06/2025 02:52:40",33.2,54.54,32,0.68,0.314,1749239560,"ReWes-I89"
"07/06/2025 03:00:05",30.9,54.39,32,0.68,0.314,1749240005,"ReWes-I89"
"07/06/2025 03:26:56",33,54,33,0.7,0.323,1749241616,"ReWes-I89"
"07/06/2025 03:41:16",31.8,58.48,23,0.49,0.225,1749242476,"ReWes-I89"
"07/06/2025 03:50:51",32.9,55.9,26,0.55,0.255,1749243051,"ReWes-I89"
"07/06/2025 03:58:26",31.2,47.95,31,0.66,0.304,1749243506,"ReWes-I89"
"07/06/2025 04:18:41",30.8,55.92,36,0.77,0.353,1749244721,"ReWes-I89"
"07/06/2025 04:32:16",33.8,40.1,20,0.43,0.196,1749245536,"ReWes-I89"
"07/06/2025 04:42:26",33.5,46.61,27,0.57,0.265,1749246146,"ReWes-I89"
"07/06/2025 04:49:41",32.9,50.78,24,0.51,0.235,1749246581,"ReWes-I89"
"07/06/2025 04:57:06",32.3,58.75,26,0.55,0.255,1749247026,"ReWes-I89"
"07/06/2025 05:16:02",31.5,48.32,26,0.55,0.255,1749248162,"ReWes-I89"
"07/06/2025 05:36:12",33.7,45.16,34,0.72,0.333,1749249372,"ReWes-I89"
"07/06/2025 05:45:27",30.6,47.86,37,0.79,0.363,1749249927,"ReWes-I89"
"07/06/2025 05:52:42",34.2,48.24,34,0.72,0.333,1749250362,"ReWes-I89"
"07/06/2025 05:59:53",30.8,53.86,36,0.77,0.353,1749250793,"ReWes-I89"
"07/06/2025 06:22:23",30.1,41.21,30,0.64,0.294,1749252143,"ReWes-I89"
"07/06/2025 06:35:04",31.8,43.27,25,0.53,0.245,1749252904,"ReWes-I89"
"07/06/2025 06:43:59",32.2,41.42,22,0.47,0.216,1749253439,"ReWes-I89"
"07/06/2025 06:51:30",32.6,55.67,31,0.66,0.304,1749253890,"ReWes-I89"
"07/06/2025 06:58:45",31.5,50.9,31,0.66,0.304,1749254325,"ReWes-I89"
"07/06/2025 08:43:40",32.7,52.93,32,0.68,0.314,1749260620,"ReWes-I89"
"07/06/2025 10:05:16",31.3,46.69,35,0.74,0.343,1749265516,"ReWes-I89"
"07/06/2025 10:48:41",30.3,43.03,35,0.74,0.343,1749268121,"ReWes-I89"
"07/06/2025 11:01:31",30.8,57.14,29,0.62,0.284,1749268891,"ReWes-I89"
"07/06/2025 11:31:41",33.4,45.76,26,0.55,0.255,1749270701,"ReWes-I89"
"07/06/2025 11:48:11",34.3,56.03,28,0.6,0.274,1749271691,"ReWes-I89"
"07/06/2025 11:57:01",31.8,46.52,31,0.66,0.304,1749272221,"ReWes-I89"
"07/06/2025 12:15:27",30.9,45.98,20,0.43,0.196,1749273327,"ReWes-I89"
"07/06/2025 12:33:37",33.7,46.56,25,0.53,0.245,1749274417,"ReWes-I89"
"07/06/2025 12:44:17",32.5,55.52,21,0.45,0.206,1749275057,"ReWes-I89"
"07/06/2025 12:51:47",33.2,52.31,22,0.47,0.216,1749275507,"ReWes-I89"
"07/06/2025 12:58:52",33.5,42.39,35,0.74,0.343,1749275932,"ReWes-I89"
"07/06/2025 13:28:48",30.7,43.84,31,0.66,0.304,1749277728,"ReWes-I89"
"07/06/2025 13:48:14",31.6,58.98,23,0.49,0.225,1749278894,"ReWes-I89"
"07/06/2025 13:55:49",31.1,59.52,37,0.79,0.363,1749279349,"ReWes-I89"
"07/06/2025 14:12:40",34,52.53,38,0.81,0.372,1749280360,"ReWes-I89"
"07/06/2025 14:27:35",32.9,46.59,38,0.81,0.372,1749281255,"ReWes-I89"
"07/06/2025 14:36:25",34,44.1,31,0.66,0.304,1749281785,"ReWes-I89"
"07/06/2025 14:43:55",30,46.27,36,0.77,0.353,1749282235,"ReWes-I89"
"07/06/2025 14:51:30",32.3,41.63,37,0.79,0.363,1749282690,"ReWes-I89"
"07/06/2025 14:58:55",31.3,44.8,22,0.47,0.216,1749283135,"ReWes-I89"
"07/06/2025 15:25:05",34.3,59.36,33,0.7,0.323,1749284705,"ReWes-I89"
"07/06/2025 15:41:50",32.9,58.04,21,0.45,0.206,1749285710,"ReWes-I89"
"07/06/2025 15:52:20",34.4,54.73,34,0.72,0.333,1749286340,"ReWes-I89"
"07/06/2025 15:59:30",33.1,45.78,23,0.49,0.225,1749286770,"ReWes-I89"
"07/06/2025 16:21:30",30.1,42.56,36,0.77,0.353,1749288090,"ReWes-I89"
"07/06/2025 16:33:50",32.6,41.11,30,0.64,0.294,1749288830,"ReWes-I89"
"07/06/2025 16:42:30",33.1,52.94,27,0.57,0.265,1749289350,"ReWes-I89"
"07/06/2025 16:49:50",34.1,41.19,24,0.51,0.235,1749289790,"ReWes-I89"
"07/06/2025 16:57:01",31.6,52.8,27,0.57,0.265,1749290221,"ReWes-I89"
"07/06/2025 17:16:51",32.3,45.48,33,0.7,0.323,1749291411,"ReWes-I89"
"07/06/2025 17:39:01",34.2,55.83,32,0.68,0.314,1749292741,"ReWes-I89"
"07/06/2025 17:49:51",33,59.17,22,0.47,0.216,1749293391,"ReWes-I89"
"07/06/2025 17:57:16",32.3,58.99,24,0.51,0.235,1749293836,"ReWes-I89"
"07/06/2025 18:13:06",34,55.06,30,0.64,0.294,1749294786,"ReWes-I89"
"07/06/2025 18:25:26",33.6,44.86,22,0.47,0.216,1749295526,"ReWes-I89"
"07/06/2025 18:36:01",31.2,54.11,37,0.79,0.363,1749296161,"ReWes-I89"
"07/06/2025 18:43:41",34.8,50.1,21,0.45,0.206,1749296621,"ReWes-I89"
"07/06/2025 18:51:21",34.2,49.13,22,0.47,0.216,1749297081,"ReWes-I89"
"07/06/2025 18:58:57",30.3,54.86,33,0.7,0.323,1749297537,"ReWes-I89"
"07/06/2025 19:39:07",30.8,56.26,22,0.47,0.216,1749299947,"ReWes-I89"
"07/06/2025 20:06:23",34,54.92,30,0.64,0.294,1749301583,"ReWes-I89"
"07/06/2025 20:33:34",31.9,59.61,33,0.7,0.323,1749303214,"ReWes-I89"
"07/06/2025 20:44:29",30.3,59.76,22,0.47,0.216,1749303869,"ReWes-I89"
"07/06/2025 20:52:20",33.2,58.89,25,0.53,0.245,1749304340,"ReWes-I89"
"07/06/2025 21:00:00",34.7,52.52,22,0.47,0.216,1749304800,"ReWes-I89"
"07/06/2025 21:19:55",34.4,43.74,26,0.55,0.255,1749305995,"ReWes-I89"
"07/06/2025 21:35:30",34.2,57.94,35,0.74,0.343,1749306930,"ReWes-I89"
"07/06/2025 21:44:25",31.9,49.71,30,0.64,0.294,1749307465,"ReWes-I89"
"07/06/2025 21:51:55",34.3,57.61,33,0.7,0.323,1749307915,"ReWes-I89"
"07/06/2025 21:59:20",30.5,50.12,33,0.7,0.323,1749308360,"ReWes-I89"
"07/06/2025 22:20:45",34.3,56.54,26,0.55,0.255,1749309645,"ReWes-I89"
"07/06/2025 22:34:25",32.5,55.48,31,0.66,0.304,1749310465,"ReWes-I89"
"07/06/2025 22:44:00",34.5,40.97,27,0.57,0.265,1749311040,"ReWes-I89"
"07/06/2025 22:51:35",30.8,45.05,36,0.77,0.353,1749311495,"ReWes-I89"
"07/06/2025 22:58:50",32.8,46.09,32,0.68,0.314,1749311930,"ReWes-I89"
"07/06/2025 23:24:30",33.5,48.71,26,0.55,0.255,1749313470,"ReWes-I89"
"07/06/2025 23:44:06",32.6,41.32,28,0.6,0.274,1749314646,"ReWes-I89"
"07/06/2025 23:55:11",32.3,42.55,34,0.72,0.333,1749315311,"ReWes-I89"
"08/06/2025 00:10:06",31.9,50.48,26,0.55,0.255,1749316206,"ReWes-I89"
"08/06/2025 00:28:31",33.3,58.67,29,0.62,0.284,1749317311,"ReWes-I89"
"08/06/2025 00:39:26",33.4,41.18,38,0.81,0.372,1749317966,"ReWes-I89"
"08/06/2025 00:47:01",34,41.48,25,0.53,0.245,1749318421,"ReWes-I89"
"08/06/2025 00:54:46",34.6,47.06,31,0.66,0.304,1749318886,"ReWes-I89"
"08/06/2025 01:14:46",33,40.94,39,0.83,0.382,1749320086,"ReWes-I89"
"08/06/2025 01:40:27",34.4,44.65,20,0.43,0.196,1749321627,"ReWes-I89"
"08/06/2025 01:52:32",32.5,41,35,0.74,0.343,1749322352,"ReWes-I89"
"08/06/2025 01:59:42",32.1,56.53,26,0.55,0.255,1749322782,"ReWes-I89"
"08/06/2025 02:17:07",33.1,55.79,35,0.74,0.343,1749323827,"ReWes-I89"
"08/06/2025 02:26:43",31.6,52.44,23,0.49,0.225,1749324403,"ReWes-I89"
"08/06/2025 02:35:53",34.9,49.65,38,0.81,0.372,1749324953,"ReWes-I89"
"08/06/2025 02:43:38",31.2,46.45,25,0.53,0.245,1749325418,"ReWes-I89"
"08/06/2025 02:50:58",32.9,44.74,28,0.6,0.274,1749325858,"ReWes-I89"
"08/06/2025 02:58:29",34.7,44.18,34,0.72,0.333,1749326309,"ReWes-I89"
"08/06/2025 03:20:15",34.5,43.08,29,0.62,0.284,1749327615,"ReWes-I89"
"08/06/2025 03:34:45",34,50.21,20,0.43,0.196,1749328485,"ReWes-I89"
"08/06/2025 03:44:40",33.7,46.33,21,0.45,0.206,1749329080,"ReWes-I89"
"08/06/2025 03:52:20",32,45.94,23,0.49,0.225,1749329540,"ReWes-I89"
"08/06/2025 03:59:45",31.3,57.53,22,0.47,0.216,1749329985,"ReWes-I89"
"08/06/2025 04:19:50",32.4,48.7,26,0.55,0.255,1749331190,"ReWes-I89"
"08/06/2025 04:31:10",34.4,40.91,34,0.72,0.333,1749331870,"ReWes-I89"
"08/06/2025 04:40:45",33,48.46,28,0.6,0.274,1749332445,"ReWes-I89"
"08/06/2025 04:48:25",33.4,55.08,22,0.47,0.216,1749332905,"ReWes-I89"
"08/06/2025 04:55:55",33.5,53.58,37,0.79,0.363,1749333355,"ReWes-I89"
"08/06/2025 05:12:55",31.8,41.33,23,0.49,0.225,1749334375,"ReWes-I89"
"08/06/2025 05:32:40",31.2,47.33,36,0.77,0.353,1749335560,"ReWes-I89"
"08/06/2025 05:44:15",32.4,53.22,32,0.68,0.314,1749336255,"ReWes-I89"
"08/06/2025 05:52:00",30.4,56.15,24,0.51,0.235,1749336720,"ReWes-I89"
"08/06/2025 05:59:30",34.7,43.18,23,0.49,0.225,1749337170,"ReWes-I89"
"08/06/2025 06:22:10",30.1,52.33,33,0.7,0.323,1749338530,"ReWes-I89"
"08/06/2025 06:36:20",34.7,55.55,32,0.68,0.314,1749339380,"ReWes-I89"
"08/06/2025 06:45:51",32.6,58.31,25,0.53,0.245,1749339951,"ReWes-I89"
"08/06/2025 06:53:01",30.2,53.59,27,0.57,0.265,1749340381,"ReWes-I89"
"08/06/2025 07:00:26",30.1,48.85,37,0.79,0.363,1749340826,"ReWes-I89"
"08/06/2025 09:11:12",34.7,40.58,25,0.53,0.245,1749348672,"ReWes-I89"
"08/06/2025 10:35:15",30.3,50.71,34,0.72,0.333,1749353715,"ReWes-I89"
"08/06/2025 11:07:20",32,48.61,27,0.57,0.265,1749355640,"ReWes-I89"
"08/06/2025 11:40:25",34.8,40.06,22,0.47,0.216,1749357625,"ReWes-I89"
"08/06/2025 11:55:05",30.8,43.87,36,0.77,0.353,1749358505,"ReWes-I89"
"08/06/2025 12:12:20",33.9,49.39,29,0.62,0.284,1749359540,"ReWes-I89"
"08/06/2025 12:34:00",34.3,59.82,25,0.53,0.245,1749360840,"ReWes-I89"
"08/06/2025 12:45:55",31.2,52.82,31,0.66,0.304,1749361555,"ReWes-I89"
"08/06/2025 12:53:25",32.9,55.81,22,0.47,0.216,1749362005,"ReWes-I89"
"08/06/2025 13:12:15",30.9,42.15,23,0.49,0.225,1749363135,"ReWes-I89"
"08/06/2025 13:42:01",32,40.94,24,0.51,0.235,1749364921,"ReWes-I89"
"08/06/2025 13:54:11",31.9,50.91,24,0.51,0.235,1749365651,"ReWes-I89"
"08/06/2025 14:09:31",31.4,56.72,30,0.64,0.294,1749366571,"ReWes-I89"
"08/06/2025 14:26:11",30.8,50.75,28,0.6,0.274,1749367571,"ReWes-I89"
"08/06/2025 14:35:31",30.5,48.58,21,0.45,0.206,1749368131,"ReWes-I89"
"08/06/2025 14:43:21",34.9,58.76,22,0.47,0.216,1749368601,"ReWes-I89"
"08/06/2025 14:51:01",33.4,41.68,20,0.43,0.196,1749369061,"ReWes-I89"
"08/06/2025 14:58:36",34.8,41.04,20,0.43,0.196,1749369516,"ReWes-I89"
"08/06/2025 15:23:41",30.9,58.6,39,0.83,0.382,1749371021,"ReWes-I89"
"08/06/2025 15:40:42",32.3,41.26,23,0.49,0.225,1749372042,"ReWes-I89"
"08/06/2025 15:52:02",32.8,55.09,21,0.45,0.206,1749372722,"ReWes-I89"
"08/06/2025 15:59:32",32,58.61,32,0.68,0.314,1749373172,"ReWes-I89"
"08/06/2025 16:21:57",31.5,57.33,39,0.83,0.382,1749374517,"ReWes-I89"
"08/06/2025 16:34:08",30.2,54.93,36,0.77,0.353,1749375248,"ReWes-I89"
"08/06/2025 16:44:18",33.1,52.94,28,0.6,0.274,1749375858,"ReWes-I89"
"08/06/2025 16:51:38",32.9,59.29,33,0.7,0.323,1749376298,"ReWes-I89"
"08/06/2025 16:59:14",31.2,58.79,39,0.83,0.382,1749376754,"ReWes-I89"
"08/06/2025 17:21:15",34.6,41.14,39,0.83,0.382,1749378075,"ReWes-I89"
"08/06/2025 17:38:50",30.9,42.73,25,0.53,0.245,1749379130,"ReWes-I89"
"08/06/2025 17:47:55",30.3,45.78,28,0.6,0.274,1749379675,"ReWes-I89"
"08/06/2025 17:55:40",33.5,42.11,38,0.81,0.372,1749380140,"ReWes-I89"
"08/06/2025 18:10:40",31.3,47.34,31,0.66,0.304,1749381040,"ReWes-I89"
"08/06/2025 18:24:35",32.2,56.47,20,0.43,0.196,1749381875,"ReWes-I89"
"08/06/2025 18:33:00",31.3,51.33,29,0.62,0.284,1749382380,"ReWes-I89"
"08/06/2025 18:40:40",30.6,43.11,23,0.49,0.225,1749382840,"ReWes-I89"
"08/06/2025 18:48:10",33.3,45.05,25,0.53,0.245,1749383290,"ReWes-I89"
"08/06/2025 18:55:45",33.2,48.08,22,0.47,0.216,1749383745,"ReWes-I89"
"08/06/2025 19:25:00",31.9,43.79,27,0.57,0.265,1749385500,"ReWes-I89"
"08/06/2025 20:00:00",32.4,57.96,20,0.43,0.196,1749387600,"ReWes-I89"
"08/06/2025 20:29:41",35,51.56,28,0.6,0.274,1749389381,"ReWes-I89"
"08/06/2025 20:43:21",30.5,42.27,25,0.53,0.245,1749390201,"ReWes-I89"
"08/06/2025 20:50:41",33.4,43.95,36,0.77,0.353,1749390641,"ReWes-I89"
"08/06/2025 20:58:06",34.7,47.31,26,0.55,0.255,1749391086,"ReWes-I89"
"08/06/2025 21:16:16",30.9,47.37,36,0.77,0.353,1749392176,"ReWes-I89"
"08/06/2025 21:33:01",34.8,55.11,22,0.47,0.216,1749393181,"ReWes-I89"
"08/06/2025 21:43:46",31.4,50.47,29,0.62,0.284,1749393826,"ReWes-I89"
"08/06/2025 21:51:16",30.6,49.01,39,0.83,0.382,1749394276,"ReWes-I89"
"08/06/2025 21:58:26",33.3,48.34,20,0.43,0.196,1749394706,"ReWes-I89"
"08/06/2025 22:19:52",30.5,59.97,23,0.49,0.225,1749395992,"ReWes-I89"
"08/06/2025 22:36:27",34.6,51.44,33,0.7,0.323,1749396987,"ReWes-I89"
"08/06/2025 22:45:37",32.3,55.58,32,0.68,0.314,1749397537,"ReWes-I89"
"08/06/2025 22:53:17",32.7,55.79,38,0.81,0.372,1749397997,"ReWes-I89"
"08/06/2025 23:09:03",33.2,55.52,21,0.45,0.206,1749398943,"ReWes-I89"
"08/06/2025 23:34:53",33.9,53.7,26,0.55,0.255,1749400493,"ReWes-I89"
"08/06/2025 23:48:39",34.4,53.9,23,0.49,0.225,1749401319,"ReWes-I89"
"08/06/2025 23:55:59",30.8,42.01,37,0.79,0.363,1749401759,"ReWes-I89"
"09/06/2025 00:11:35",34.3,51.25,25,0.53,0.245,1749402695,"ReWes-I89"
"09/06/2025 00:29:05",32,56.34,22,0.47,0.216,1749403745,"ReWes-I89"
"09/06/2025 00:39:55",32.2,54.17,28,0.6,0.274,1749404395,"ReWes-I89"
"09/06/2025 00:47:30",34,42.34,32,0.68,0.314,1749404850,"ReWes-I89"
"09/06/2025 00:54:55",32.5,43.1,25,0.53,0.245,1749405295,"ReWes-I89"
"09/06/2025 01:14:30",32.5,59.74,26,0.55,0.255,1749406470,"ReWes-I89"
"09/06/2025 01:40:40",30.4,51.45,33,0.7,0.323,1749408040,"ReWes-I89"
"09/06/2025 01:53:30",30.4,59.56,22,0.47,0.216,1749408810,"ReWes-I89"
"09/06/2025 02:04:40",31.6,41.83,31,0.66,0.304,1749409480,"ReWes-I89"
"09/06/2025 02:21:20",32.6,55.44,36,0.77,0.353,1749410480,"ReWes-I89"
"09/06/2025 02:28:45",32.9,43.67,39,0.83,0.382,1749410925,"ReWes-I89"
"09/06/2025 02:37:20",30.6,55.82,34,0.72,0.333,1749411440,"ReWes-I89"
"09/06/2025 02:44:50",33,43.73,26,0.55,0.255,1749411890,"ReWes-I89"
"09/06/2025 02:52:21",34.4,52.86,29,0.62,0.284,1749412341,"ReWes-I89"
"09/06/2025 02:59:51",30.2,41.85,22,0.47,0.216,1749412791,"ReWes-I89"
"09/06/2025 03:23:41",32,44.81,30,0.64,0.294,1749414221,"ReWes-I89"
"09/06/2025 03:37:31",30.9,56.49,21,0.45,0.206,1749415051,"ReWes-I89"
"09/06/2025 03:46:11",32.3,50.06,25,0.53,0.245,1749415571,"ReWes-I89"
"09/06/2025 03:53:26",32.2,41.97,24,0.51,0.235,1749416006,"ReWes-I89"
"09/06/2025 04:07:06",33.2,54.76,34,0.72,0.333,1749416826,"ReWes-I89"
"09/06/2025 04:25:06",33.2,41.24,23,0.49,0.225,1749417906,"ReWes-I89"
"09/06/2025 04:34:51",32.7,41.47,36,0.77,0.353,1749418491,"ReWes-I89"
"09/06/2025 04:42:21",31.1,46.21,31,0.66,0.304,1749418941,"ReWes-I89"
"09/06/2025 04:49:47",30.4,51.11,38,0.81,0.372,1749419387,"ReWes-I89"
"09/06/2025 04:56:57",33,43.52,30,0.64,0.294,1749419817,"ReWes-I89"
"09/06/2025 05:14:42",32.2,58.83,31,0.66,0.304,1749420882,"ReWes-I89"
"09/06/2025 05:33:12",31.9,42.38,20,0.43,0.196,1749421992,"ReWes-I89"
"09/06/2025 05:45:08",30.1,59.89,25,0.53,0.245,1749422708,"ReWes-I89"
"09/06/2025 05:52:43",34.1,54.57,36,0.77,0.353,1749423163,"ReWes-I89"
"09/06/2025 05:59:58",31.5,53.38,32,0.68,0.314,1749423598,"ReWes-I89"
"09/06/2025 06:21:24",32,40.75,27,0.57,0.265,1749424884,"ReWes-I89"
"09/06/2025 06:32:29",33.5,46.74,24,0.51,0.235,1749425549,"ReWes-I89"
"09/06/2025 06:42:34",34.2,47.61,34,0.72,0.333,1749426154,"ReWes-I89"
"09/06/2025 06:49:55",33.7,40.36,22,0.47,0.216,1749426595,"ReWes-I89"
"09/06/2025 06:57:30",30.3,40.73,35,0.74,0.343,1749427050,"ReWes-I89"
"09/06/2025 08:38:30",31.2,47.77,21,0.45,0.206,1749433110,"ReWes-I89"
"09/06/2025 10:13:41",30.6,46.6,39,0.83,0.382,1749438821,"ReWes-I89"
"09/06/2025 10:59:41",31.6,42.27,26,0.55,0.255,1749441581,"ReWes-I89"
"09/06/2025 11:34:41",34.5,43.22,31,0.66,0.304,1749443681,"ReWes-I89"
"09/06/2025 11:54:57",34.4,57.47,38,0.81,0.372,1749444897,"ReWes-I89"
"09/06/2025 12:14:12",31.8,44.18,33,0.7,0.323,1749446052,"ReWes-I89"
"09/06/2025 12:36:18",30.4,42.32,25,0.53,0.245,1749447378,"ReWes-I89"
"09/06/2025 12:48:43",33.5,59.13,30,0.64,0.294,1749448123,"ReWes-I89"
"09/06/2025 12:56:18",34,46.24,39,0.83,0.382,1749448578,"ReWes-I89"
"09/06/2025 13:23:39",32.9,42.99,21,0.45,0.206,1749450219,"ReWes-I89"
"09/06/2025 13:49:30",30.6,50.09,38,0.81,0.372,1749451770,"ReWes-I89"
"09/06/2025 14:00:05",31.8,50.88,25,0.53,0.245,1749452405,"ReWes-I89"
"09/06/2025 14:24:50",33.9,53.47,30,0.64,0.294,1749453890,"ReWes-I89"
"09/06/2025 14:38:15",33.3,50.36,25,0.53,0.245,1749454695,"ReWes-I89"
"09/06/2025 14:46:30",31.1,45.21,30,0.64,0.294,1749455190,"ReWes-I89"
"09/06/2025 14:53:45",33.4,56.14,27,0.57,0.265,1749455625,"ReWes-I89"
"09/06/2025 15:14:30",33.7,48.69,36,0.77,0.353,1749456870,"ReWes-I89"
"09/06/2025 15:43:35",34.4,56.58,36,0.77,0.353,1749458615,"ReWes-I89"
"09/06/2025 15:57:15",34.7,49.35,25,0.53,0.245,1749459435,"ReWes-I89"
"09/06/2025 16:19:20",34.1,46.64,38,0.81,0.372,1749460760,"ReWes-I89"
"09/06/2025 16:38:26",30.6,58.95,22,0.47,0.216,1749461906,"ReWes-I89"
"09/06/2025 16:48:46",32.9,57.93,35,0.74,0.343,1749462526,"ReWes-I89"
"09/06/2025 16:56:21",34.4,52.08,29,0.62,0.284,1749462981,"ReWes-I89"
"09/06/2025 17:17:16",33.5,45.8,33,0.7,0.323,1749464236,"ReWes-I89"
"09/06/2025 17:42:16",32.6,47.68,38,0.81,0.372,1749465736,"ReWes-I89"
"09/06/2025 17:53:31",33.1,56.94,39,0.83,0.382,1749466411,"ReWes-I89"
"09/06/2025 18:08:06",33,50.79,25,0.53,0.245,1749467286,"ReWes-I89"
"09/06/2025 18:26:01",30.2,50.46,32,0.68,0.314,1749468361,"ReWes-I89"
"09/06/2025 18:36:57",31,52.05,39,0.83,0.382,1749469017,"ReWes-I89"
"09/06/2025 18:44:22",32.3,40.98,26,0.55,0.255,1749469462,"ReWes-I89"
"09/06/2025 18:51:57",33.3,43.09,23,0.49,0.225,1749469917,"ReWes-I89"
"09/06/2025 18:59:17",31.3,57.81,36,0.77,0.353,1749470357,"ReWes-I89"
"09/06/2025 19:46:18",33.8,42.61,25,0.53,0.245,1749473178,"ReWes-I89"
"09/06/2025 20:22:05",30.1,59.01,29,0.62,0.284,1749475325,"ReWes-I89"
"09/06/2025 20:46:15",31.1,50.64,22,0.47,0.216,1749476775,"ReWes-I89"
"09/06/2025 20:56:20",34.3,58.38,26,0.55,0.255,1749477380,"ReWes-I89"
"09/06/2025 21:16:00",32,52.01,36,0.77,0.353,1749478560,"ReWes-I89"
"09/06/2025 21:39:55",33.4,54.89,34,0.72,0.333,1749479995,"ReWes-I89"
"09/06/2025 21:51:55",32.6,52.27,33,0.7,0.323,1749480715,"ReWes-I89"
"09/06/2025 21:59:30",31.8,41.16,22,0.47,0.216,1749481170,"ReWes-I89"
"09/06/2025 22:25:15",34.9,40.78,34,0.72,0.333,1749482715,"ReWes-I89"
"09/06/2025 22:40:45",34.1,40.14,23,0.49,0.225,1749483645,"ReWes-I89"
"09/06/2025 22:50:35",33.5,46.93,31,0.66,0.304,1749484235,"ReWes-I89"
"09/06/2025 22:58:11",34.7,48.48,22,0.47,0.216,1749484691,"ReWes-I89"
"09/06/2025 23:25:31",32.2,45.07,30,0.64,0.294,1749486331,"ReWes-I89"
"09/06/2025 23:48:11",31.6,44.79,34,0.72,0.333,1749487691,"ReWes-I89"
"09/06/2025 23:59:26",30,41.2,21,0.45,0.206,1749488366,"ReWes-I89"
"10/06/2025 00:19:31",34.4,53.81,35,0.74,0.343,1749489571,"ReWes-I89"
"10/06/2025 00:34:26",31.5,44.49,31,0.66,0.304,1749490466,"ReWes-I89"
"10/06/2025 00:44:31",31.7,59.6,26,0.55,0.255,1749491071,"ReWes-I89"
"10/06/2025 00:51:47",34.2,52.26,33,0.7,0.323,1749491507,"ReWes-I89"
"10/06/2025 00:58:57",34.1,51.24,24,0.51,0.235,1749491937,"ReWes-I89"
"10/06/2025 01:30:22",30.5,51.89,36,0.77,0.353,1749493822,"ReWes-I89"
"10/06/2025 01:49:43",32.8,59.29,38,0.81,0.372,1749494983,"ReWes-I89"
"10/06/2025 01:57:28",32.8,44.63,30,0.64,0.294,1749495448,"ReWes-I89"
"10/06/2025 02:14:04",34.8,57.87,39,0.83,0.382,1749496444,"ReWes-I89"
"10/06/2025 02:27:04",32.5,46.89,31,0.66,0.304,1749497224,"ReWes-I89"
"10/06/2025 02:36:25",33.6,49.96,21,0.45,0.206,1749497785,"ReWes-I89"
"10/06/2025 02:43:40",33.1,41.96,20,0.43,0.196,1749498220,"ReWes-I89"
"10/06/2025 02:51:20",34.3,48.7,34,0.72,0.333,1749498680,"ReWes-I89"
"10/06/2025 02:58:30",30.8,57.6,21,0.45,0.206,1749499110,"ReWes-I89"
"10/06/2025 03:23:00",31.6,45.73,38,0.81,0.372,1749500580,"ReWes-I89"
"10/06/2025 03:39:00",33.6,58.63,37,0.79,0.363,1749501540,"ReWes-I89"
"10/06/2025 03:49:00",31.4,54.86,24,0.51,0.235,1749502140,"ReWes-I89"
"10/06/2025 03:56:35",30.2,53.61,32,0.68,0.314,1749502595,"ReWes-I89"
"10/06/2025 04:14:45",32.5,56.06,34,0.72,0.333,1749503685,"ReWes-I89"
"10/06/2025 04:31:25",32.6,46.46,28,0.6,0.274,1749504685,"ReWes-I89"
"10/06/2025 04:43:30",30,47.94,21,0.45,0.206,1749505410,"ReWes-I89"
"10/06/2025 04:51:05",30.6,50.88,35,0.74,0.343,1749505865,"ReWes-I89"
"10/06/2025 04:58:40",34.7,45.19,29,0.62,0.284,1749506320,"ReWes-I89"
"10/06/2025 05:20:00",34,40.64,28,0.6,0.274,1749507600,"ReWes-I89"
"10/06/2025 05:39:10",30.5,51.6,24,0.51,0.235,1749508750,"ReWes-I89"
"10/06/2025 05:49:50",34.5,46.72,21,0.45,0.206,1749509390,"ReWes-I89"
"10/06/2025 05:57:10",30.8,43.34,28,0.6,0.274,1749509830,"ReWes-I89"
"10/06/2025 06:16:26",34.1,47.65,22,0.47,0.216,1749510986,"ReWes-I89"
"10/06/2025 06:31:41",31,56.33,36,0.77,0.353,1749511901,"ReWes-I89"
"10/06/2025 06:43:26",31.2,41.18,23,0.49,0.225,1749512606,"ReWes-I89"
"10/06/2025 06:50:56",31.3,47.18,34,0.72,0.333,1749513056,"ReWes-I89"
"10/06/2025 06:58:26",31.1,53.28,27,0.57,0.265,1749513506,"ReWes-I89"
"10/06/2025 08:42:42",31.9,41.23,31,0.66,0.304,1749519762,"ReWes-I89"
"10/06/2025 10:10:45",31.5,41.57,34,0.72,0.333,1749525045,"ReWes-I89"
"10/06/2025 10:55:20",31.9,49.96,37,0.79,0.363,1749527720,"ReWes-I89"
"10/06/2025 11:21:45",33.1,55.82,28,0.6,0.274,1749529305,"ReWes-I89"
"10/06/2025 11:45:25",31.9,45.23,24,0.51,0.235,1749530725,"ReWes-I89"
"10/06/2025 11:57:00",30.7,58.36,33,0.7,0.323,1749531420,"ReWes-I89"
"10/06/2025 12:16:45",30.1,51.67,39,0.83,0.382,1749532605,"ReWes-I89"
"10/06/2025 12:37:30",30.5,51.57,31,0.66,0.304,1749533850,"ReWes-I89"
"10/06/2025 12:48:25",30.1,52.65,23,0.49,0.225,1749534505,"ReWes-I89"
"10/06/2025 12:56:06",30.4,43.28,27,0.57,0.265,1749534966,"ReWes-I89"
"10/06/2025 13:21:26",31.8,58.42,34,0.72,0.333,1749536486,"ReWes-I89"
"10/06/2025 13:47:01",31.2,46.98,24,0.51,0.235,1749538021,"ReWes-I89"
"10/06/2025 13:58:41",31.1,49.27,27,0.57,0.265,1749538721,"ReWes-I89"
"10/06/2025 14:20:21",32.3,42.83,22,0.47,0.216,1749540021,"ReWes-I89"
"10/06/2025 14:34:41",34.7,50.57,27,0.57,0.265,1749540881,"ReWes-I89"
